,full_id,contig_id,#members,known_gene_ids,unknown_gene_ids,span,members,architecture,member_scores,members_evals,sample_contig
0,wwGlobalAMR.ERR2607403_ctg_100805_00001,100805,2,"[1, 2]",[3],3,"RND_efflux,adeC-adeK-oprM",__(adeC-adeK-oprM)__(RND_efflux)__(??)__,__(53.2)__(854.9)__(??)__,__(8.5e-14)__(4e-256)__(??)__,wwGlobalAMR.ERR2607403_ctg_100805
1,wwGlobalAMR.ERR2607403_ctg_101544_00046,101544,2,"[46, 47]","[45, 48]",4,"MexH,RND_efflux",__(??)__(RND_efflux)__(MexH)__(??)__,__(??)__(728.4)__(35.9)__(??)__,__(??)__(6.2e-218)__(2.1e-08)__(??)__,wwGlobalAMR.ERR2607403_ctg_101544
2,wwGlobalAMR.ERR2607403_ctg_102764_00005,102764,2,"[5, 6]","[4, 7]",4,"vanT,vanT",__(??)__(vanT)__(vanT)__(??)__,__(??)__(113.5)__(96.7)__(??)__,__(??)__(4.2e-32)__(5.2e-27)__(??)__,wwGlobalAMR.ERR2607403_ctg_102764
3,wwGlobalAMR.ERR2607403_ctg_108139_00002,108139,3,"[2, 4, 5]","[1, 3, 6]",6,"Erm23S_rRNA_methyltrans,RND_efflux,adeC-adeK-oprM",__(??)__(adeC-adeK-oprM)__(??)__(Erm23S_rRNA_methyltrans)__(RND_efflux)__(??)__,__(??)__(27.5)__(??)__(35.5)__(931.2)__(??)__,__(??)__(5.2e-06)__(??)__(2.3e-08)__(3.5e-279)__(??)__,wwGlobalAMR.ERR2607403_ctg_108139
4,wwGlobalAMR.ERR2607403_ctg_113049_00014,113049,3,"[14, 15, 17]","[13, 16, 18]",6,"APH3'',tet_ribosomoal_protect,tet_ribosomoal_protect",__(??)__(tet_ribosomoal_protect)__(tet_ribosomoal_protect)__(??)__(APH3'')__(??)__,__(??)__(77.0)__(343.4)__(??)__(58.1)__(??)__,__(??)__(4e-21)__(9.1e-102)__(??)__(3.6e-15)__(??)__,wwGlobalAMR.ERR2607403_ctg_113049
5,wwGlobalAMR.ERR2607403_ctg_113523_00002,113523,2,"[2, 3]","[1, 4]",4,"adeA-adeI,adeC-adeK-oprM",__(??)__(adeA-adeI)__(adeC-adeK-oprM)__(??)__,__(??)__(42.7)__(48.3)__(??)__,__(??)__(1.4e-10)__(2.6e-12)__(??)__,wwGlobalAMR.ERR2607403_ctg_113523
6,wwGlobalAMR.ERR2607403_ctg_117254_00003,117254,2,"[3, 4]","[2, 5]",4,"Chlor_Efflux_Pump,vanH",__(??)__(Chlor_Efflux_Pump)__(vanH)__(??)__,__(??)__(97.3)__(77.0)__(??)__,__(??)__(4.2e-27)__(5.3e-21)__(??)__,wwGlobalAMR.ERR2607403_ctg_117254
7,wwGlobalAMR.ERR2607403_ctg_125635_00005,125635,2,"[5, 7]","[4, 6, 8]",5,"SubclassB3,adeC-adeK-oprM",__(??)__(SubclassB3)__(??)__(adeC-adeK-oprM)__(??)__,__(??)__(22.7)__(??)__(172.2)__(??)__,__(??)__(0.00018)__(??)__(7.2e-50)__(??)__,wwGlobalAMR.ERR2607403_ctg_125635
8,wwGlobalAMR.ERR2607403_ctg_127676_00003,127676,2,"[3, 6]","[2, 4, 5, 7]",6,"ClassA,tet_MFS_efflux",__(??)__(tet_MFS_efflux)__(??)__(??)__(ClassA)__(??)__,__(??)__(48.2)__(??)__(??)__(21.9)__(??)__,__(??)__(2.9e-12)__(??)__(??)__(0.00033)__(??)__,wwGlobalAMR.ERR2607403_ctg_127676
9,wwGlobalAMR.ERR2607403_ctg_128984_00024,128984,2,"[24, 25]","[23, 26]",4,"adeB,adeC-adeK-oprM",__(??)__(adeC-adeK-oprM)__(adeB)__(??)__,__(??)__(488.5)__(783.9)__(??)__,__(??)__(8.3e-146)__(8.7e-235)__(??)__,wwGlobalAMR.ERR2607403_ctg_128984
10,wwGlobalAMR.ERR2607403_ctg_130137_00001,130137,2,"[1, 5]","[2, 3, 4, 6]",6,"Erm23S_rRNA_methyltrans,emrE",__(emrE)__(??)__(??)__(??)__(Erm23S_rRNA_methyltrans)__(??)__,__(99.7)__(??)__(??)__(??)__(246.7)__(??)__,__(5.6e-28)__(??)__(??)__(??)__(8.7e-73)__(??)__,wwGlobalAMR.ERR2607403_ctg_130137
11,wwGlobalAMR.ERR2607403_ctg_130319_00004,130319,2,"[4, 7]","[3, 5, 6, 8]",6,"TetX,vanC",__(??)__(TetX)__(??)__(??)__(vanC)__(??)__,__(??)__(20.3)__(??)__(??)__(144.8)__(??)__,__(??)__(0.00094)__(??)__(??)__(1.4e-41)__(??)__,wwGlobalAMR.ERR2607403_ctg_130319
12,wwGlobalAMR.ERR2607403_ctg_131272_00004,131272,2,"[4, 9]","[3, 5, 6, 7, 8, 10]",8,"adeA-adeI,vanA",__(??)__(vanA)__(??)__(??)__(??)__(??)__(adeA-adeI)__(??)__,__(??)__(22.5)__(??)__(??)__(??)__(??)__(59.0)__(??)__,__(??)__(0.00023)__(??)__(??)__(??)__(??)__(1.5e-15)__(??)__,wwGlobalAMR.ERR2607403_ctg_131272
13,wwGlobalAMR.ERR2607403_ctg_13399_00004,13399,2,"[4, 5]","[3, 6]",4,"adeA-adeI,adeC-adeK-oprM",__(??)__(adeC-adeK-oprM)__(adeA-adeI)__(??)__,__(??)__(35.4)__(40.8)__(??)__,__(??)__(2.2e-08)__(5.2e-10)__(??)__,wwGlobalAMR.ERR2607403_ctg_13399
14,wwGlobalAMR.ERR2607403_ctg_13915_00025,13915,3,"[25, 26, 27]","[24, 28]",5,"MexH,RND_efflux,adeC-adeK-oprM",__(??)__(MexH)__(RND_efflux)__(adeC-adeK-oprM)__(??)__,__(??)__(123.4)__(1065.2)__(52.5)__(??)__,__(??)__(5.6e-35)__(0.0)__(1.4e-13)__(??)__,wwGlobalAMR.ERR2607403_ctg_13915
15,wwGlobalAMR.ERR2607403_ctg_140465_00004,140465,2,"[4, 5]","[3, 6]",4,"MexH,tet_MFS_efflux",__(??)__(tet_MFS_efflux)__(MexH)__(??)__,__(??)__(77.2)__(33.2)__(??)__,__(??)__(4.4e-21)__(1.4e-07)__(??)__,wwGlobalAMR.ERR2607403_ctg_140465
16,wwGlobalAMR.ERR2607403_ctg_143324_00007,143324,2,"[7, 8]","[6, 9]",4,"adeB,adeC-adeK-oprM",__(??)__(adeC-adeK-oprM)__(adeB)__(??)__,__(??)__(507.3)__(320.5)__(??)__,__(??)__(1.7e-151)__(8.1e-95)__(??)__,wwGlobalAMR.ERR2607403_ctg_143324
17,wwGlobalAMR.ERR2607403_ctg_145545_00003,145545,2,"[3, 6]","[2, 4, 5, 7]",6,"ClassC-AmpC,TE_Inactivator",__(??)__(ClassC-AmpC)__(??)__(??)__(TE_Inactivator)__(??)__,__(??)__(47.9)__(??)__(??)__(34.0)__(??)__,__(??)__(3.2e-12)__(??)__(??)__(6.6e-08)__(??)__,wwGlobalAMR.ERR2607403_ctg_145545
18,wwGlobalAMR.ERR2607403_ctg_147697_00004,147697,2,"[4, 5]","[3, 6]",4,"RND_efflux,adeA-adeI",__(??)__(adeA-adeI)__(RND_efflux)__(??)__,__(??)__(69.7)__(713.0)__(??)__,__(??)__(9e-19)__(2.9e-213)__(??)__,wwGlobalAMR.ERR2607403_ctg_147697
19,wwGlobalAMR.ERR2607403_ctg_150311_00004,150311,2,"[4, 6]","[3, 5, 7]",5,"APH3'',tet_ribosomoal_protect",__(??)__(tet_ribosomoal_protect)__(??)__(APH3'')__(??)__,__(??)__(320.4)__(??)__(21.1)__(??)__,__(??)__(8.3e-95)__(??)__(0.0007)__(??)__,wwGlobalAMR.ERR2607403_ctg_150311
20,wwGlobalAMR.ERR2607403_ctg_162100_00002,162100,3,"[2, 3, 4]","[1, 5]",5,"RND_efflux,RND_efflux,adeA-adeI",__(??)__(adeA-adeI)__(RND_efflux)__(RND_efflux)__(??)__,__(??)__(160.7)__(1089.9)__(974.3)__(??)__,__(??)__(2.1e-46)__(0.0)__(3.3e-292)__(??)__,wwGlobalAMR.ERR2607403_ctg_162100
21,wwGlobalAMR.ERR2607403_ctg_164082_00002,164082,2,"[2, 5]","[1, 3, 4, 6]",6,"TetX,vanH",__(??)__(TetX)__(??)__(??)__(vanH)__(??)__,__(??)__(20.8)__(??)__(??)__(96.9)__(??)__,__(??)__(0.00068)__(??)__(??)__(4.6e-27)__(??)__,wwGlobalAMR.ERR2607403_ctg_164082
22,wwGlobalAMR.ERR2607403_ctg_16737_00003,16737,2,"[3, 4]","[2, 5]",4,"RND_efflux,adeC-adeK-oprM",__(??)__(adeC-adeK-oprM)__(RND_efflux)__(??)__,__(??)__(277.3)__(584.4)__(??)__,__(??)__(9.4e-82)__(1.9e-174)__(??)__,wwGlobalAMR.ERR2607403_ctg_16737
23,wwGlobalAMR.ERR2607403_ctg_170142_00002,170142,2,"[2, 3]","[1, 4]",4,"RND_efflux,adeA-adeI",__(??)__(RND_efflux)__(adeA-adeI)__(??)__,__(??)__(897.4)__(156.6)__(??)__,__(??)__(5.6e-269)__(3.7e-45)__(??)__,wwGlobalAMR.ERR2607403_ctg_170142
24,wwGlobalAMR.ERR2607403_ctg_173109_00004,173109,2,"[4, 7]","[3, 5, 6, 8]",6,"ClassA,ClassD",__(??)__(ClassA)__(??)__(??)__(ClassD)__(??)__,__(??)__(21.2)__(??)__(??)__(23.3)__(??)__,__(??)__(0.00051)__(??)__(??)__(0.00012)__(??)__,wwGlobalAMR.ERR2607403_ctg_173109
25,wwGlobalAMR.ERR2607403_ctg_178984_00008,178984,2,"[8, 10]","[7, 9, 11]",5,"tet_ribosomoal_protect,tet_ribosomoal_protect",__(??)__(tet_ribosomoal_protect)__(??)__(tet_ribosomoal_protect)__(??)__,__(??)__(207.7)__(??)__(24.2)__(??)__,__(??)__(1.1e-60)__(??)__(3.8e-05)__(??)__,wwGlobalAMR.ERR2607403_ctg_178984
26,wwGlobalAMR.ERR2607403_ctg_191506_00003,191506,2,"[3, 4]","[2, 5]",4,"MexC,RND_efflux",__(??)__(RND_efflux)__(MexC)__(??)__,__(??)__(979.0)__(34.7)__(??)__,__(??)__(1.3e-293)__(3.7e-08)__(??)__,wwGlobalAMR.ERR2607403_ctg_191506
27,wwGlobalAMR.ERR2607403_ctg_193716_00007,193716,2,"[7, 9]","[6, 8, 10]",5,"adeB,emrE",__(??)__(emrE)__(??)__(adeB)__(??)__,__(??)__(132.2)__(??)__(1233.9)__(??)__,__(??)__(4.6e-38)__(??)__(0.0)__(??)__,wwGlobalAMR.ERR2607403_ctg_193716
28,wwGlobalAMR.ERR2607403_ctg_194800_00001,194800,2,"[1, 2]",[3],3,"adeA-adeI,adeB",__(adeB)__(adeA-adeI)__(??)__,__(549.7)__(142.6)__(??)__,__(4.7e-164)__(6.4e-41)__(??)__,wwGlobalAMR.ERR2607403_ctg_194800
29,wwGlobalAMR.ERR2607403_ctg_19846_00005,19846,2,"[5, 6]","[4, 7]",4,"MexE,adeC-adeK-oprM",__(??)__(adeC-adeK-oprM)__(MexE)__(??)__,__(??)__(271.9)__(40.4)__(??)__,__(??)__(4.1e-80)__(6.8e-10)__(??)__,wwGlobalAMR.ERR2607403_ctg_19846
30,wwGlobalAMR.ERR2607403_ctg_203834_00008,203834,2,"[8, 10]","[7, 9, 11]",5,"adeA-adeI,adeC-adeK-oprM",__(??)__(adeC-adeK-oprM)__(??)__(adeA-adeI)__(??)__,__(??)__(345.3)__(??)__(62.2)__(??)__,__(??)__(2.3e-102)__(??)__(1.7e-16)__(??)__,wwGlobalAMR.ERR2607403_ctg_203834
31,wwGlobalAMR.ERR2607403_ctg_206126_00004,206126,2,"[4, 5]","[3, 6]",4,"adeA-adeI,adeC-adeK-oprM",__(??)__(adeC-adeK-oprM)__(adeA-adeI)__(??)__,__(??)__(29.6)__(52.2)__(??)__,__(??)__(1.2e-06)__(1.9e-13)__(??)__,wwGlobalAMR.ERR2607403_ctg_206126
32,wwGlobalAMR.ERR2607403_ctg_207776_00001,207776,2,"[1, 2]",[3],3,"adeB,adeC-adeK-oprM",__(adeB)__(adeC-adeK-oprM)__(??)__,__(1286.3)__(540.5)__(??)__,__(0.0)__(1.4e-161)__(??)__,wwGlobalAMR.ERR2607403_ctg_207776
33,wwGlobalAMR.ERR2607403_ctg_217089_00001,217089,3,"[1, 2, 3]",[4],4,"MexH,RND_efflux,TetM-TetW-TetO-TetS",__(TetM-TetW-TetO-TetS)__(MexH)__(RND_efflux)__(??)__,__(32.0)__(137.2)__(1115.7)__(??)__,__(1.6e-07)__(3.5e-39)__(0.0)__(??)__,wwGlobalAMR.ERR2607403_ctg_217089
34,wwGlobalAMR.ERR2607403_ctg_219112_00001,219112,3,"[1, 2, 3]",[4],4,"RND_efflux,RND_efflux,adeC-adeK-oprM",__(RND_efflux)__(RND_efflux)__(adeC-adeK-oprM)__(??)__,__(351.2)__(1027.9)__(283.1)__(??)__,__(5.6e-104)__(0.0)__(1.6e-83)__(??)__,wwGlobalAMR.ERR2607403_ctg_219112
35,wwGlobalAMR.ERR2607403_ctg_222719_00002,222719,2,"[2, 3]","[1, 4]",4,"MexH,RND_efflux",__(??)__(MexH)__(RND_efflux)__(??)__,__(??)__(34.0)__(769.9)__(??)__,__(??)__(8e-08)__(1.8e-230)__(??)__,wwGlobalAMR.ERR2607403_ctg_222719
36,wwGlobalAMR.ERR2607403_ctg_223185_00003,223185,2,"[3, 4]","[2, 5]",4,"vanT,vanT",__(??)__(vanT)__(vanT)__(??)__,__(??)__(44.4)__(103.0)__(??)__,__(??)__(3.4e-11)__(6.3e-29)__(??)__,wwGlobalAMR.ERR2607403_ctg_223185
37,wwGlobalAMR.ERR2607403_ctg_223525_00013,223525,2,"[13, 14]","[12, 15]",4,"adeA-adeI,adeB",__(??)__(adeA-adeI)__(adeB)__(??)__,__(??)__(358.3)__(1382.6)__(??)__,__(??)__(2e-106)__(0.0)__(??)__,wwGlobalAMR.ERR2607403_ctg_223525
38,wwGlobalAMR.ERR2607403_ctg_224980_00002,224980,2,"[2, 4]","[1, 3, 5]",5,"Erm23S_rRNA_methyltrans,adeA-adeI",__(??)__(adeA-adeI)__(??)__(Erm23S_rRNA_methyltrans)__(??)__,__(??)__(72.2)__(??)__(24.9)__(??)__,__(??)__(1.6e-19)__(??)__(3.9e-05)__(??)__,wwGlobalAMR.ERR2607403_ctg_224980
39,wwGlobalAMR.ERR2607403_ctg_227825_00003,227825,2,"[3, 5]","[2, 4, 6]",5,"ClassB,vanT",__(??)__(vanT)__(??)__(ClassB)__(??)__,__(??)__(189.0)__(??)__(59.3)__(??)__,__(??)__(5.9e-55)__(??)__(1.4e-15)__(??)__,wwGlobalAMR.ERR2607403_ctg_227825
40,wwGlobalAMR.ERR2607403_ctg_228516_00003,228516,2,"[3, 4]","[2, 5]",4,"RND_efflux,adeA-adeI",__(??)__(RND_efflux)__(adeA-adeI)__(??)__,__(??)__(900.8)__(79.5)__(??)__,__(??)__(5.2e-270)__(9.1e-22)__(??)__,wwGlobalAMR.ERR2607403_ctg_228516
41,wwGlobalAMR.ERR2607403_ctg_232391_00002,232391,2,"[2, 3]","[1, 4]",4,"RND_efflux,adeA-adeI",__(??)__(RND_efflux)__(adeA-adeI)__(??)__,__(??)__(952.4)__(91.7)__(??)__,__(??)__(1.4e-285)__(1.8e-25)__(??)__,wwGlobalAMR.ERR2607403_ctg_232391
42,wwGlobalAMR.ERR2607403_ctg_232558_00003,232558,3,"[3, 4, 5]","[2, 6]",5,"RND_efflux,adeA-adeI,adeC-adeK-oprM",__(??)__(adeC-adeK-oprM)__(adeA-adeI)__(RND_efflux)__(??)__,__(??)__(58.4)__(69.2)__(839.5)__(??)__,__(??)__(2.3e-15)__(1.2e-18)__(1.8e-251)__(??)__,wwGlobalAMR.ERR2607403_ctg_232558
43,wwGlobalAMR.ERR2607403_ctg_234702_00003,234702,2,"[3, 4]","[2, 5]",4,"RND_efflux,adeA-adeI",__(??)__(RND_efflux)__(adeA-adeI)__(??)__,__(??)__(765.3)__(57.5)__(??)__,__(??)__(4.7e-229)__(4.3e-15)__(??)__,wwGlobalAMR.ERR2607403_ctg_234702
44,wwGlobalAMR.ERR2607403_ctg_23848_00004,23848,3,"[4, 6, 7]","[3, 5, 8]",6,"APH3'',tet_ribosomoal_protect,tet_ribosomoal_protect",__(??)__(APH3'')__(??)__(tet_ribosomoal_protect)__(tet_ribosomoal_protect)__(??)__,__(??)__(63.7)__(??)__(326.2)__(78.8)__(??)__,__(??)__(7.3e-17)__(??)__(1.5e-96)__(1.2e-21)__(??)__,wwGlobalAMR.ERR2607403_ctg_23848
45,wwGlobalAMR.ERR2607403_ctg_241104_00002,241104,2,"[2, 3]","[1, 4]",4,"MexH,RND_efflux",__(??)__(MexH)__(RND_efflux)__(??)__,__(??)__(84.2)__(829.9)__(??)__,__(??)__(4.7e-23)__(1.3e-248)__(??)__,wwGlobalAMR.ERR2607403_ctg_241104
46,wwGlobalAMR.ERR2607403_ctg_242548_00001,242548,2,"[1, 3]","[2, 4]",4,"adeA-adeI,adeC-adeK-oprM",__(adeC-adeK-oprM)__(??)__(adeA-adeI)__(??)__,__(240.7)__(??)__(61.4)__(??)__,__(1.2e-70)__(??)__(2.9e-16)__(??)__,wwGlobalAMR.ERR2607403_ctg_242548
47,wwGlobalAMR.ERR2607403_ctg_244793_00003,244793,2,"[3, 5]","[2, 4, 6]",5,"APH3'',tet_ribosomoal_protect",__(??)__(APH3'')__(??)__(tet_ribosomoal_protect)__(??)__,__(??)__(37.8)__(??)__(350.1)__(??)__,__(??)__(5.6e-09)__(??)__(8.7e-104)__(??)__,wwGlobalAMR.ERR2607403_ctg_244793
48,wwGlobalAMR.ERR2607403_ctg_247737_00010,247737,2,"[10, 11]","[9, 12]",4,"ClassB,ClassD",__(??)__(ClassD)__(ClassB)__(??)__,__(??)__(26.9)__(22.0)__(??)__,__(??)__(9.4e-06)__(0.00034)__(??)__,wwGlobalAMR.ERR2607403_ctg_247737
49,wwGlobalAMR.ERR2607403_ctg_254251_00002,254251,2,"[2, 6]","[1, 3, 4, 5, 7]",7,"Chlor_Efflux_Pump,adeC-adeK-oprM",__(??)__(adeC-adeK-oprM)__(??)__(??)__(??)__(Chlor_Efflux_Pump)__(??)__,__(??)__(223.2)__(??)__(??)__(??)__(71.8)__(??)__,__(??)__(2.5e-65)__(??)__(??)__(??)__(2.2e-19)__(??)__,wwGlobalAMR.ERR2607403_ctg_254251
50,wwGlobalAMR.ERR2607403_ctg_264137_00010,264137,2,"[10, 11]","[9, 12]",4,"Chlor_Efflux_Pump,Chlor_Efflux_Pump",__(??)__(Chlor_Efflux_Pump)__(Chlor_Efflux_Pump)__(??)__,__(??)__(64.9)__(85.0)__(??)__,__(??)__(2.7e-17)__(2.2e-23)__(??)__,wwGlobalAMR.ERR2607403_ctg_264137
51,wwGlobalAMR.ERR2607403_ctg_270363_00006,270363,2,"[6, 8]","[5, 7, 9]",5,"adeA-adeI,adeC-adeK-oprM",__(??)__(adeA-adeI)__(??)__(adeC-adeK-oprM)__(??)__,__(??)__(56.9)__(??)__(347.6)__(??)__,__(??)__(6.6e-15)__(??)__(4.4e-103)__(??)__,wwGlobalAMR.ERR2607403_ctg_270363
52,wwGlobalAMR.ERR2607403_ctg_274901_00011,274901,3,"[11, 12, 13]","[10, 14]",5,"RND_efflux,adeA-adeI,adeC-adeK-oprM",__(??)__(adeC-adeK-oprM)__(adeA-adeI)__(RND_efflux)__(??)__,__(??)__(23.0)__(25.4)__(778.3)__(??)__,__(??)__(0.00012)__(2.4e-05)__(5.5e-233)__(??)__,wwGlobalAMR.ERR2607403_ctg_274901
53,wwGlobalAMR.ERR2607403_ctg_275936_00001,275936,2,"[1, 3]","[2, 4]",4,"RND_efflux,vanT",__(RND_efflux)__(??)__(vanT)__(??)__,__(39.5)__(??)__(204.8)__(??)__,__(7.6e-10)__(??)__(1e-59)__(??)__,wwGlobalAMR.ERR2607403_ctg_275936
54,wwGlobalAMR.ERR2607403_ctg_279086_00001,279086,2,"[1, 2]",[3],3,"Chlor_Efflux_Pump,RND_efflux",__(RND_efflux)__(Chlor_Efflux_Pump)__(??)__,__(145.8)__(75.2)__(??)__,__(6.1e-42)__(2.1e-20)__(??)__,wwGlobalAMR.ERR2607403_ctg_279086
55,wwGlobalAMR.ERR2607403_ctg_279824_00008,279824,2,"[8, 9]","[7, 10]",4,"adeA-adeI,adeC-adeK-oprM",__(??)__(adeC-adeK-oprM)__(adeA-adeI)__(??)__,__(??)__(528.6)__(34.2)__(??)__,__(??)__(5.6e-158)__(5.2e-08)__(??)__,wwGlobalAMR.ERR2607403_ctg_279824
56,wwGlobalAMR.ERR2607403_ctg_28289_00009,28289,3,"[9, 10, 11]","[8, 12]",5,"RND_efflux,adeA-adeI,adeC-adeK-oprM",__(??)__(RND_efflux)__(adeA-adeI)__(adeC-adeK-oprM)__(??)__,__(??)__(782.9)__(48.2)__(49.5)__(??)__,__(??)__(2.1e-234)__(3.1e-12)__(1.2e-12)__(??)__,wwGlobalAMR.ERR2607403_ctg_28289
57,wwGlobalAMR.ERR2607403_ctg_283006_00005,283006,2,"[5, 6]","[4, 7]",4,"RND_efflux,adeA-adeI",__(??)__(RND_efflux)__(adeA-adeI)__(??)__,__(??)__(1015.9)__(185.7)__(??)__,__(??)__(0.0)__(5.4e-54)__(??)__,wwGlobalAMR.ERR2607403_ctg_283006
58,wwGlobalAMR.ERR2607403_ctg_286751_00001,286751,2,"[1, 6]","[2, 3, 4, 5, 7]",7,"AAC6-Ib,ClassC-AmpC",__(AAC6-Ib)__(??)__(??)__(??)__(??)__(ClassC-AmpC)__(??)__,__(20.9)__(??)__(??)__(??)__(??)__(74.5)__(??)__,__(0.00089)__(??)__(??)__(??)__(??)__(2.7e-20)__(??)__,wwGlobalAMR.ERR2607403_ctg_286751
59,wwGlobalAMR.ERR2607403_ctg_287931_00006,287931,2,"[6, 9]","[5, 7, 8, 10]",6,"Chlor_Efflux_Pump,ClassB",__(??)__(Chlor_Efflux_Pump)__(??)__(??)__(ClassB)__(??)__,__(??)__(86.4)__(??)__(??)__(27.9)__(??)__,__(??)__(8.4e-24)__(??)__(??)__(5.1e-06)__(??)__,wwGlobalAMR.ERR2607403_ctg_287931
60,wwGlobalAMR.ERR2607403_ctg_290979_00004,290979,2,"[4, 7]","[3, 5, 6, 8]",6,"adeA-adeI,adeC-adeK-oprM",__(??)__(adeC-adeK-oprM)__(??)__(??)__(adeA-adeI)__(??)__,__(??)__(213.7)__(??)__(??)__(39.5)__(??)__,__(??)__(1.8e-62)__(??)__(??)__(1.3e-09)__(??)__,wwGlobalAMR.ERR2607403_ctg_290979
61,wwGlobalAMR.ERR2607403_ctg_308560_00002,308560,3,"[2, 3, 4]","[1, 5]",5,"RND_efflux,adeA-adeI,adeC-adeK-oprM",__(??)__(RND_efflux)__(adeA-adeI)__(adeC-adeK-oprM)__(??)__,__(??)__(678.6)__(34.2)__(21.6)__(??)__,__(??)__(6.9e-203)__(5.3e-08)__(0.00034)__(??)__,wwGlobalAMR.ERR2607403_ctg_308560
62,wwGlobalAMR.ERR2607403_ctg_31198_00009,31198,3,"[9, 10, 11]","[8, 12]",5,"RND_efflux,adeA-adeI,adeC-adeK-oprM",__(??)__(RND_efflux)__(adeA-adeI)__(adeC-adeK-oprM)__(??)__,__(??)__(793.9)__(50.3)__(33.1)__(??)__,__(??)__(1e-237)__(6.9e-13)__(1e-07)__(??)__,wwGlobalAMR.ERR2607403_ctg_31198
63,wwGlobalAMR.ERR2607403_ctg_312768_00004,312768,2,"[4, 5]","[3, 6]",4,"MexX,RND_efflux",__(??)__(RND_efflux)__(MexX)__(??)__,__(??)__(855.2)__(23.6)__(??)__,__(??)__(3.2e-256)__(8.5e-05)__(??)__,wwGlobalAMR.ERR2607403_ctg_312768
64,wwGlobalAMR.ERR2607403_ctg_314598_00007,314598,2,"[7, 8]","[6, 9]",4,"MexW-MexI,MexW-MexI",__(??)__(MexW-MexI)__(MexW-MexI)__(??)__,__(??)__(1083.8)__(22.6)__(??)__,__(??)__(0.0)__(7.4e-05)__(??)__,wwGlobalAMR.ERR2607403_ctg_314598
65,wwGlobalAMR.ERR2607403_ctg_317581_00001,317581,2,"[1, 3]","[2, 4]",4,"ClassC-AmpC,adeA-adeI",__(adeA-adeI)__(??)__(ClassC-AmpC)__(??)__,__(72.4)__(??)__(32.0)__(??)__,__(1.4e-19)__(??)__(2.1e-07)__(??)__,wwGlobalAMR.ERR2607403_ctg_317581
66,wwGlobalAMR.ERR2607403_ctg_325508_00001,325508,2,"[1, 2]",[3],3,"adeB,adeC-adeK-oprM",__(adeB)__(adeC-adeK-oprM)__(??)__,__(959.4)__(727.4)__(??)__,__(8.7e-288)__(3e-218)__(??)__,wwGlobalAMR.ERR2607403_ctg_325508
67,wwGlobalAMR.ERR2607403_ctg_327057_00007,327057,3,"[7, 8, 10]","[6, 9, 11]",6,"Erm23S_rRNA_methyltrans,adeA-adeI,adeC-adeK-oprM",__(??)__(adeC-adeK-oprM)__(Erm23S_rRNA_methyltrans)__(??)__(adeA-adeI)__(??)__,__(??)__(85.8)__(37.1)__(??)__(62.3)__(??)__,__(??)__(1.1e-23)__(7.3e-09)__(??)__(1.5e-16)__(??)__,wwGlobalAMR.ERR2607403_ctg_327057
68,wwGlobalAMR.ERR2607403_ctg_327672_00002,327672,3,"[2, 3, 4]","[1, 5]",5,"Erm23S_rRNA_methyltrans,RND_efflux,adeC-adeK-oprM",__(??)__(adeC-adeK-oprM)__(Erm23S_rRNA_methyltrans)__(RND_efflux)__(??)__,__(??)__(61.2)__(29.3)__(396.5)__(??)__,__(??)__(3.3e-16)__(1.8e-06)__(1.1e-117)__(??)__,wwGlobalAMR.ERR2607403_ctg_327672
69,wwGlobalAMR.ERR2607403_ctg_329416_00006,329416,4,"[6, 7, 8, 12]","[5, 9, 10, 11, 13]",9,"ClassB,RND_efflux,RND_efflux,adeA-adeI",__(??)__(RND_efflux)__(RND_efflux)__(adeA-adeI)__(??)__(??)__(??)__(ClassB)__(??)__,__(??)__(407.6)__(507.5)__(166.3)__(??)__(??)__(??)__(38.7)__(??)__,__(??)__(5e-121)__(3.3e-151)__(4e-48)__(??)__(??)__(??)__(2.6e-09)__(??)__,wwGlobalAMR.ERR2607403_ctg_329416
70,wwGlobalAMR.ERR2607403_ctg_329718_00001,329718,2,"[1, 2]",[3],3,"tet_ribosomoal_protect,tet_ribosomoal_protect",__(tet_ribosomoal_protect)__(tet_ribosomoal_protect)__(??)__,__(98.9)__(46.0)__(??)__,__(9.7e-28)__(9.6e-12)__(??)__,wwGlobalAMR.ERR2607403_ctg_329718
71,wwGlobalAMR.ERR2607403_ctg_331164_00009,331164,2,"[9, 11]","[8, 10, 12]",5,"adeA-adeI,adeC-adeK-oprM",__(??)__(adeA-adeI)__(??)__(adeC-adeK-oprM)__(??)__,__(??)__(90.1)__(??)__(218.4)__(??)__,__(??)__(5.7e-25)__(??)__(7e-64)__(??)__,wwGlobalAMR.ERR2607403_ctg_331164
72,wwGlobalAMR.ERR2607403_ctg_333025_00012,333025,2,"[12, 13]","[11, 14]",4,"adeA-adeI,adeC-adeK-oprM",__(??)__(adeC-adeK-oprM)__(adeA-adeI)__(??)__,__(??)__(547.5)__(34.5)__(??)__,__(??)__(1.1e-163)__(4.4e-08)__(??)__,wwGlobalAMR.ERR2607403_ctg_333025
73,wwGlobalAMR.ERR2607403_ctg_343470_00021,343470,2,"[21, 24]","[20, 22, 23, 25]",6,"tet_ribosomoal_protect,tet_ribosomoal_protect",__(??)__(tet_ribosomoal_protect)__(??)__(??)__(tet_ribosomoal_protect)__(??)__,__(??)__(34.5)__(??)__(??)__(129.6)__(??)__,__(??)__(3e-08)__(??)__(??)__(4.8e-37)__(??)__,wwGlobalAMR.ERR2607403_ctg_343470
74,wwGlobalAMR.ERR2607403_ctg_345793_00008,345793,2,"[8, 9]","[7, 10]",4,"tet_ribosomoal_protect,vanH",__(??)__(tet_ribosomoal_protect)__(vanH)__(??)__,__(??)__(142.3)__(83.2)__(??)__,__(??)__(6.7e-41)__(6.6e-23)__(??)__,wwGlobalAMR.ERR2607403_ctg_345793
75,wwGlobalAMR.ERR2607403_ctg_351194_00001,351194,3,"[1, 4, 5]","[2, 3, 6]",6,"RND_efflux,RND_efflux,adeA-adeI",__(adeA-adeI)__(??)__(??)__(RND_efflux)__(RND_efflux)__(??)__,__(41.8)__(??)__(??)__(340.5)__(33.9)__(??)__,__(2.6e-10)__(??)__(??)__(9.2e-101)__(3.8e-08)__(??)__,wwGlobalAMR.ERR2607403_ctg_351194
76,wwGlobalAMR.ERR2607403_ctg_352747_00005,352747,2,"[5, 7]","[4, 6, 8]",5,"ArmA_Rmt,ClassB",__(??)__(ArmA_Rmt)__(??)__(ClassB)__(??)__,__(??)__(24.6)__(??)__(29.8)__(??)__,__(??)__(5.8e-05)__(??)__(1.4e-06)__(??)__,wwGlobalAMR.ERR2607403_ctg_352747
77,wwGlobalAMR.ERR2607403_ctg_355649_00003,355649,2,"[3, 4]","[2, 5]",4,"RND_efflux,adeA-adeI",__(??)__(RND_efflux)__(adeA-adeI)__(??)__,__(??)__(879.3)__(36.3)__(??)__,__(??)__(1.6e-263)__(1.2e-08)__(??)__,wwGlobalAMR.ERR2607403_ctg_355649
78,wwGlobalAMR.ERR2607403_ctg_357760_00007,357760,2,"[7, 11]","[6, 8, 9, 10, 12]",7,"Erm23S_rRNA_methyltrans,vanH",__(??)__(Erm23S_rRNA_methyltrans)__(??)__(??)__(??)__(vanH)__(??)__,__(??)__(150.5)__(??)__(??)__(??)__(125.6)__(??)__,__(??)__(1.9e-43)__(??)__(??)__(??)__(8.2e-36)__(??)__,wwGlobalAMR.ERR2607403_ctg_357760
79,wwGlobalAMR.ERR2607403_ctg_365626_00002,365626,2,"[2, 3]","[1, 4]",4,"MexH,RND_efflux",__(??)__(MexH)__(RND_efflux)__(??)__,__(??)__(55.6)__(663.2)__(??)__,__(??)__(2.3e-14)__(3.2e-198)__(??)__,wwGlobalAMR.ERR2607403_ctg_365626
80,wwGlobalAMR.ERR2607403_ctg_366512_00001,366512,2,"[1, 2]",[3],3,"Chlor_Efflux_Pump,MexH",__(MexH)__(Chlor_Efflux_Pump)__(??)__,__(43.4)__(60.5)__(??)__,__(1.1e-10)__(6.2e-16)__(??)__,wwGlobalAMR.ERR2607403_ctg_366512
81,wwGlobalAMR.ERR2607403_ctg_368295_00005,368295,2,"[5, 6]","[4, 7]",4,"RND_efflux,adeC-adeK-oprM",__(??)__(adeC-adeK-oprM)__(RND_efflux)__(??)__,__(??)__(261.1)__(246.3)__(??)__,__(??)__(7.8e-77)__(2.6e-72)__(??)__,wwGlobalAMR.ERR2607403_ctg_368295
82,wwGlobalAMR.ERR2607403_ctg_37388_00009,37388,2,"[9, 10]","[8, 11]",4,"Chlor_Efflux_Pump,TetA",__(??)__(TetA)__(Chlor_Efflux_Pump)__(??)__,__(??)__(35.1)__(144.9)__(??)__,__(??)__(2.5e-08)__(1.5e-41)__(??)__,wwGlobalAMR.ERR2607403_ctg_37388
83,wwGlobalAMR.ERR2607403_ctg_379408_00005,379408,3,"[5, 8, 10]","[4, 6, 7, 9, 11]",8,"SubclassB3,tet_MFS_efflux,tet_ribosomoal_protect",__(??)__(tet_ribosomoal_protect)__(??)__(??)__(tet_MFS_efflux)__(??)__(SubclassB3)__(??)__,__(??)__(172.6)__(??)__(??)__(42.2)__(??)__(55.0)__(??)__,__(??)__(4.5e-50)__(??)__(??)__(1.9e-10)__(??)__(2.6e-14)__(??)__,wwGlobalAMR.ERR2607403_ctg_379408
84,wwGlobalAMR.ERR2607403_ctg_3829_00002,3829,2,"[2, 5]","[1, 3, 4, 6]",6,"AAC6-II,adeA-adeI",__(??)__(AAC6-II)__(??)__(??)__(adeA-adeI)__(??)__,__(??)__(28.6)__(??)__(??)__(34.1)__(??)__,__(??)__(4.2e-06)__(??)__(??)__(5.8e-08)__(??)__,wwGlobalAMR.ERR2607403_ctg_3829
85,wwGlobalAMR.ERR2607403_ctg_384402_00001,384402,2,"[1, 2]",[3],3,"tet_ribosomoal_protect,tet_ribosomoal_protect",__(tet_ribosomoal_protect)__(tet_ribosomoal_protect)__(??)__,__(52.0)__(79.0)__(??)__,__(1.5e-13)__(1e-21)__(??)__,wwGlobalAMR.ERR2607403_ctg_384402
86,wwGlobalAMR.ERR2607403_ctg_384475_00002,384475,2,"[2, 4]","[1, 3, 5]",5,"tet_ribosomoal_protect,vanT",__(??)__(vanT)__(??)__(tet_ribosomoal_protect)__(??)__,__(??)__(198.2)__(??)__(160.3)__(??)__,__(??)__(1e-57)__(??)__(2.5e-46)__(??)__,wwGlobalAMR.ERR2607403_ctg_384475
87,wwGlobalAMR.ERR2607403_ctg_395861_00002,395861,2,"[2, 3]","[1, 4]",4,"RND_efflux,adeA-adeI",__(??)__(adeA-adeI)__(RND_efflux)__(??)__,__(??)__(159.0)__(1090.2)__(??)__,__(??)__(6.8e-46)__(0.0)__(??)__,wwGlobalAMR.ERR2607403_ctg_395861
88,wwGlobalAMR.ERR2607403_ctg_40309_00025,40309,3,"[25, 26, 27]","[24, 28]",5,"Chlor_Efflux_Pump,MexE,adeC-adeK-oprM",__(??)__(Chlor_Efflux_Pump)__(MexE)__(adeC-adeK-oprM)__(??)__,__(??)__(75.3)__(68.6)__(35.8)__(??)__,__(??)__(2e-20)__(1.9e-18)__(1.6e-08)__(??)__,wwGlobalAMR.ERR2607403_ctg_40309
89,wwGlobalAMR.ERR2607403_ctg_407730_00004,407730,2,"[4, 5]","[3, 6]",4,"adeA-adeI,adeB",__(??)__(adeA-adeI)__(adeB)__(??)__,__(??)__(370.5)__(1335.7)__(??)__,__(??)__(4e-110)__(0.0)__(??)__,wwGlobalAMR.ERR2607403_ctg_407730
90,wwGlobalAMR.ERR2607403_ctg_420164_00004,420164,2,"[4, 6]","[3, 5, 7]",5,"macrolide_glycosyl,vanC",__(??)__(vanC)__(??)__(macrolide_glycosyl)__(??)__,__(??)__(156.3)__(??)__(32.2)__(??)__,__(??)__(4.6e-45)__(??)__(2e-07)__(??)__,wwGlobalAMR.ERR2607403_ctg_420164
91,wwGlobalAMR.ERR2607403_ctg_423011_00001,423011,2,"[1, 2]",[3],3,"adeA-adeI,adeC-adeK-oprM",__(adeA-adeI)__(adeC-adeK-oprM)__(??)__,__(37.3)__(554.4)__(??)__,__(6.1e-09)__(8.8e-166)__(??)__,wwGlobalAMR.ERR2607403_ctg_423011
92,wwGlobalAMR.ERR2607403_ctg_426885_00002,426885,3,"[2, 3, 4]","[1, 5]",5,"RND_efflux,adeA-adeI,adeB",__(??)__(adeA-adeI)__(adeB)__(RND_efflux)__(??)__,__(??)__(193.6)__(107.3)__(847.3)__(??)__,__(??)__(2.1e-56)__(2.1e-30)__(7.9e-254)__(??)__,wwGlobalAMR.ERR2607403_ctg_426885
93,wwGlobalAMR.ERR2607403_ctg_428581_00001,428581,3,"[1, 3, 4]","[2, 5]",5,"RND_efflux,adeA-adeI,adeC-adeK-oprM",__(adeC-adeK-oprM)__(??)__(RND_efflux)__(adeA-adeI)__(??)__,__(38.8)__(??)__(889.1)__(153.5)__(??)__,__(2e-09)__(??)__(1.8e-266)__(3.1e-44)__(??)__,wwGlobalAMR.ERR2607403_ctg_428581
94,wwGlobalAMR.ERR2607403_ctg_437547_00018,437547,3,"[18, 19, 20]","[17, 21]",5,"RND_efflux,adeA-adeI,adeC-adeK-oprM",__(??)__(adeC-adeK-oprM)__(adeA-adeI)__(RND_efflux)__(??)__,__(??)__(190.0)__(54.9)__(885.2)__(??)__,__(??)__(2.8e-55)__(2.7e-14)__(2.8e-265)__(??)__,wwGlobalAMR.ERR2607403_ctg_437547
95,wwGlobalAMR.ERR2607403_ctg_438072_00001,438072,2,"[1, 2]",[3],3,"RND_efflux,RND_efflux",__(RND_efflux)__(RND_efflux)__(??)__,__(188.2)__(169.0)__(??)__,__(9.4e-55)__(5.8e-49)__(??)__,wwGlobalAMR.ERR2607403_ctg_438072
96,wwGlobalAMR.ERR2607403_ctg_438451_00002,438451,2,"[2, 6]","[1, 3, 4, 5, 7]",7,"MexC,adeC-adeK-oprM",__(??)__(MexC)__(??)__(??)__(??)__(adeC-adeK-oprM)__(??)__,__(??)__(31.8)__(??)__(??)__(??)__(185.3)__(??)__,__(??)__(2.8e-07)__(??)__(??)__(??)__(7.6e-54)__(??)__,wwGlobalAMR.ERR2607403_ctg_438451
97,wwGlobalAMR.ERR2607403_ctg_444635_00001,444635,2,"[1, 2]",[3],3,"blaI,blaR1",__(blaR1)__(blaI)__(??)__,__(20.3)__(44.0)__(??)__,__(0.0007)__(8.3e-11)__(??)__,wwGlobalAMR.ERR2607403_ctg_444635
98,wwGlobalAMR.ERR2607403_ctg_446026_00002,446026,2,"[2, 4]","[1, 3, 5]",5,"ClassB,adeC-adeK-oprM",__(??)__(adeC-adeK-oprM)__(??)__(ClassB)__(??)__,__(??)__(34.9)__(??)__(49.9)__(??)__,__(??)__(3e-08)__(??)__(1e-12)__(??)__,wwGlobalAMR.ERR2607403_ctg_446026
99,wwGlobalAMR.ERR2607403_ctg_446433_00005,446433,2,"[5, 6]","[4, 7]",4,"adeB,adeC-adeK-oprM",__(??)__(adeC-adeK-oprM)__(adeB)__(??)__,__(??)__(452.3)__(439.2)__(??)__,__(??)__(7.7e-135)__(1.2e-130)__(??)__,wwGlobalAMR.ERR2607403_ctg_446433
100,wwGlobalAMR.ERR2607403_ctg_449418_00007,449418,2,"[7, 8]","[6, 9]",4,"adeA-adeI,adeC-adeK-oprM",__(??)__(adeC-adeK-oprM)__(adeA-adeI)__(??)__,__(??)__(530.0)__(26.9)__(??)__,__(??)__(2.2e-158)__(8.7e-06)__(??)__,wwGlobalAMR.ERR2607403_ctg_449418
101,wwGlobalAMR.ERR2607403_ctg_451149_00003,451149,2,"[3, 4]","[2, 5]",4,"RND_efflux,adeC-adeK-oprM",__(??)__(adeC-adeK-oprM)__(RND_efflux)__(??)__,__(??)__(316.5)__(254.8)__(??)__,__(??)__(1.2e-93)__(7.5e-75)__(??)__,wwGlobalAMR.ERR2607403_ctg_451149
102,wwGlobalAMR.ERR2607403_ctg_451408_00013,451408,3,"[13, 14, 15]","[12, 16]",5,"MexH,RND_efflux,adeC-adeK-oprM",__(??)__(adeC-adeK-oprM)__(MexH)__(RND_efflux)__(??)__,__(??)__(59.4)__(93.1)__(893.2)__(??)__,__(??)__(1.1e-15)__(8.8e-26)__(1.1e-267)__(??)__,wwGlobalAMR.ERR2607403_ctg_451408
103,wwGlobalAMR.ERR2607403_ctg_453570_00001,453570,2,"[1, 2]",[3],3,"RND_efflux,adeA-adeI",__(RND_efflux)__(adeA-adeI)__(??)__,__(1064.8)__(64.5)__(??)__,__(0.0)__(3.2e-17)__(??)__,wwGlobalAMR.ERR2607403_ctg_453570
104,wwGlobalAMR.ERR2607403_ctg_459000_00001,459000,2,"[1, 6]","[2, 3, 4, 5, 7]",7,"tet_MFS_efflux,tet_ribosomoal_protect",__(tet_MFS_efflux)__(??)__(??)__(??)__(??)__(tet_ribosomoal_protect)__(??)__,__(103.6)__(??)__(??)__(??)__(??)__(239.6)__(??)__,__(4.3e-29)__(??)__(??)__(??)__(??)__(2.4e-70)__(??)__,wwGlobalAMR.ERR2607403_ctg_459000
105,wwGlobalAMR.ERR2607403_ctg_461153_00005,461153,3,"[5, 6, 7]","[4, 8]",5,"ClassD,blaI,blaR1",__(??)__(ClassD)__(blaI)__(blaR1)__(??)__,__(??)__(255.3)__(79.9)__(251.7)__(??)__,__(??)__(2.1e-75)__(6.2e-22)__(6e-74)__(??)__,wwGlobalAMR.ERR2607403_ctg_461153
106,wwGlobalAMR.ERR2607403_ctg_461371_00005,461371,2,"[5, 6]","[4, 7]",4,"adeA-adeI,adeC-adeK-oprM",__(??)__(adeA-adeI)__(adeC-adeK-oprM)__(??)__,__(??)__(25.0)__(31.6)__(??)__,__(??)__(3.4e-05)__(2.9e-07)__(??)__,wwGlobalAMR.ERR2607403_ctg_461371
107,wwGlobalAMR.ERR2607403_ctg_461502_00014,461502,2,"[14, 18]","[13, 15, 16, 17, 19]",7,"vanC,vanT",__(??)__(vanC)__(??)__(??)__(??)__(vanT)__(??)__,__(??)__(217.5)__(??)__(??)__(??)__(184.2)__(??)__,__(??)__(1.1e-63)__(??)__(??)__(??)__(1.7e-53)__(??)__,wwGlobalAMR.ERR2607403_ctg_461502
108,wwGlobalAMR.ERR2607403_ctg_471189_00001,471189,4,"[1, 2, 4, 5]","[3, 6]",6,"APH3'',emrE,tet_ribosomoal_protect,tet_ribosomoal_protect",__(emrE)__(APH3'')__(??)__(tet_ribosomoal_protect)__(tet_ribosomoal_protect)__(??)__,__(115.7)__(40.7)__(??)__(355.8)__(76.6)__(??)__,__(6e-33)__(7.4e-10)__(??)__(1.6e-105)__(5.3e-21)__(??)__,wwGlobalAMR.ERR2607403_ctg_471189
109,wwGlobalAMR.ERR2607403_ctg_475664_00024,475664,2,"[24, 25]","[23, 26]",4,"MexC,RND_efflux",__(??)__(MexC)__(RND_efflux)__(??)__,__(??)__(40.3)__(858.3)__(??)__,__(??)__(7.4e-10)__(3.7e-257)__(??)__,wwGlobalAMR.ERR2607403_ctg_475664
110,wwGlobalAMR.ERR2607403_ctg_479623_00001,479623,2,"[1, 6]","[2, 3, 4, 5, 7]",7,"AAC6-II,Chlor_Efflux_Pump",__(Chlor_Efflux_Pump)__(??)__(??)__(??)__(??)__(AAC6-II)__(??)__,__(83.9)__(??)__(??)__(??)__(??)__(55.0)__(??)__,__(4.7e-23)__(??)__(??)__(??)__(??)__(3.3e-14)__(??)__,wwGlobalAMR.ERR2607403_ctg_479623
111,wwGlobalAMR.ERR2607403_ctg_480886_00004,480886,2,"[4, 8]","[3, 5, 6, 7, 9]",7,"adeA-adeI,tet_MFS_efflux",__(??)__(adeA-adeI)__(??)__(??)__(??)__(tet_MFS_efflux)__(??)__,__(??)__(29.0)__(??)__(??)__(??)__(56.5)__(??)__,__(??)__(2.1e-06)__(??)__(??)__(??)__(8.6e-15)__(??)__,wwGlobalAMR.ERR2607403_ctg_480886
112,wwGlobalAMR.ERR2607403_ctg_480995_00002,480995,2,"[2, 6]","[1, 3, 4, 5, 7]",7,"MexH,adeC-adeK-oprM",__(??)__(MexH)__(??)__(??)__(??)__(adeC-adeK-oprM)__(??)__,__(??)__(48.2)__(??)__(??)__(??)__(205.5)__(??)__,__(??)__(4e-12)__(??)__(??)__(??)__(5.4e-60)__(??)__,wwGlobalAMR.ERR2607403_ctg_480995
113,wwGlobalAMR.ERR2607403_ctg_483355_00002,483355,2,"[2, 6]","[1, 3, 4, 5, 7]",7,"APH3'',adeA-adeI",__(??)__(APH3'')__(??)__(??)__(??)__(adeA-adeI)__(??)__,__(??)__(48.7)__(??)__(??)__(??)__(42.2)__(??)__,__(??)__(2.8e-12)__(??)__(??)__(??)__(2e-10)__(??)__,wwGlobalAMR.ERR2607403_ctg_483355
114,wwGlobalAMR.ERR2607403_ctg_48384_00003,48384,2,"[3, 4]","[2, 5]",4,"TetX,TetX",__(??)__(TetX)__(TetX)__(??)__,__(??)__(29.4)__(25.4)__(??)__,__(??)__(1.7e-06)__(2.7e-05)__(??)__,wwGlobalAMR.ERR2607403_ctg_48384
115,wwGlobalAMR.ERR2607403_ctg_486235_00002,486235,3,"[2, 3, 4]","[1, 5]",5,"Chlor_Efflux_Pump,MexE,adeC-adeK-oprM",__(??)__(Chlor_Efflux_Pump)__(MexE)__(adeC-adeK-oprM)__(??)__,__(??)__(72.1)__(35.1)__(68.2)__(??)__,__(??)__(1.8e-19)__(2.8e-08)__(2.4e-18)__(??)__,wwGlobalAMR.ERR2607403_ctg_486235
116,wwGlobalAMR.ERR2607403_ctg_494929_00004,494929,2,"[4, 5]","[3, 6]",4,"MexE,adeC-adeK-oprM",__(??)__(MexE)__(adeC-adeK-oprM)__(??)__,__(??)__(52.2)__(49.9)__(??)__,__(??)__(1.8e-13)__(8.8e-13)__(??)__,wwGlobalAMR.ERR2607403_ctg_494929
117,wwGlobalAMR.ERR2607403_ctg_49683_00001,49683,2,"[1, 3]","[2, 4]",4,"SubclassB3,adeC-adeK-oprM",__(adeC-adeK-oprM)__(??)__(SubclassB3)__(??)__,__(102.2)__(??)__(20.6)__(??)__,__(1.2e-28)__(??)__(0.00081)__(??)__,wwGlobalAMR.ERR2607403_ctg_49683
118,wwGlobalAMR.ERR2607403_ctg_498659_00002,498659,2,"[2, 3]","[1, 4]",4,"MexH,RND_efflux",__(??)__(RND_efflux)__(MexH)__(??)__,__(??)__(624.3)__(73.4)__(??)__,__(??)__(1.8e-186)__(8.7e-20)__(??)__,wwGlobalAMR.ERR2607403_ctg_498659
119,wwGlobalAMR.ERR2607403_ctg_499710_00005,499710,2,"[5, 6]","[4, 7]",4,"MexC,RND_efflux",__(??)__(RND_efflux)__(MexC)__(??)__,__(??)__(866.1)__(59.9)__(??)__,__(??)__(1.6e-259)__(7.7e-16)__(??)__,wwGlobalAMR.ERR2607403_ctg_499710
120,wwGlobalAMR.ERR2607403_ctg_501581_00006,501581,2,"[6, 7]","[5, 8]",4,"SubclassB3,SubclassB3",__(??)__(SubclassB3)__(SubclassB3)__(??)__,__(??)__(22.5)__(28.8)__(??)__,__(??)__(0.00021)__(2.4e-06)__(??)__,wwGlobalAMR.ERR2607403_ctg_501581
121,wwGlobalAMR.ERR2607403_ctg_502411_00001,502411,2,"[1, 2]",[3],3,"tet_ribosomoal_protect,tet_ribosomoal_protect",__(tet_ribosomoal_protect)__(tet_ribosomoal_protect)__(??)__,__(141.1)__(82.0)__(??)__,__(1.6e-40)__(1.3e-22)__(??)__,wwGlobalAMR.ERR2607403_ctg_502411
122,wwGlobalAMR.ERR2607403_ctg_504848_00002,504848,2,"[2, 3]","[1, 4]",4,"tet_ribosomoal_protect,tet_ribosomoal_protect",__(??)__(tet_ribosomoal_protect)__(tet_ribosomoal_protect)__(??)__,__(??)__(325.0)__(84.6)__(??)__,__(??)__(3.5e-96)__(2e-23)__(??)__,wwGlobalAMR.ERR2607403_ctg_504848
123,wwGlobalAMR.ERR2607403_ctg_51693_00030,51693,3,"[30, 32, 33]","[29, 31, 34]",6,"MexE,RND_efflux,adeC-adeK-oprM",__(??)__(adeC-adeK-oprM)__(??)__(RND_efflux)__(MexE)__(??)__,__(??)__(167.8)__(??)__(1043.9)__(132.1)__(??)__,__(??)__(1.5e-48)__(??)__(0.0)__(9.9e-38)__(??)__,wwGlobalAMR.ERR2607403_ctg_51693
124,wwGlobalAMR.ERR2607403_ctg_51693_00010,51693,4,"[10, 15, 19, 20]","[9, 11, 12, 13, 14, 16, 17, 18, 21]",13,"ClassB,tet_MFS_efflux,tet_MFS_efflux,vanH",__(??)__(vanH)__(??)__(??)__(??)__(??)__(ClassB)__(??)__(??)__(??)__(tet_MFS_efflux)__(tet_MFS_efflux)__(??)__,__(??)__(163.7)__(??)__(??)__(??)__(??)__(33.2)__(??)__(??)__(??)__(25.8)__(58.6)__(??)__,__(??)__(2.2e-47)__(??)__(??)__(??)__(??)__(1.3e-07)__(??)__(??)__(??)__(1.8e-05)__(1.9e-15)__(??)__,wwGlobalAMR.ERR2607403_ctg_51693
125,wwGlobalAMR.ERR2607403_ctg_517387_00001,517387,3,"[1, 2, 3]",[4],4,"APH3,VEB-PER,tet_MFS_efflux",__(APH3)__(tet_MFS_efflux)__(VEB-PER)__(??)__,__(22.8)__(49.9)__(369.7)__(??)__,__(0.00023)__(8.8e-13)__(3.5e-110)__(??)__,wwGlobalAMR.ERR2607403_ctg_517387
126,wwGlobalAMR.ERR2607403_ctg_535190_00002,535190,3,"[2, 3, 4]","[1, 5]",5,"RND_efflux,RND_efflux,adeA-adeI",__(??)__(adeA-adeI)__(RND_efflux)__(RND_efflux)__(??)__,__(??)__(38.8)__(319.8)__(59.5)__(??)__,__(??)__(2.1e-09)__(1.7e-94)__(7.3e-16)__(??)__,wwGlobalAMR.ERR2607403_ctg_535190
127,wwGlobalAMR.ERR2607403_ctg_541348_00021,541348,2,"[21, 23]","[20, 22, 24]",5,"tet_MFS_efflux,tet_MFS_efflux",__(??)__(tet_MFS_efflux)__(??)__(tet_MFS_efflux)__(??)__,__(??)__(75.0)__(??)__(69.4)__(??)__,__(??)__(2.1e-20)__(??)__(1e-18)__(??)__,wwGlobalAMR.ERR2607403_ctg_541348
128,wwGlobalAMR.ERR2607403_ctg_541573_00001,541573,3,"[1, 2, 3]",[4],4,"RND_efflux,RND_efflux,adeC-adeK-oprM",__(RND_efflux)__(RND_efflux)__(adeC-adeK-oprM)__(??)__,__(928.7)__(56.4)__(61.4)__(??)__,__(2e-278)__(6.2e-15)__(2.8e-16)__(??)__,wwGlobalAMR.ERR2607403_ctg_541573
129,wwGlobalAMR.ERR2607403_ctg_55692_00002,55692,3,"[2, 3, 4]","[1, 5]",5,"MexH,RND_efflux,adeC-adeK-oprM",__(??)__(adeC-adeK-oprM)__(MexH)__(RND_efflux)__(??)__,__(??)__(75.8)__(90.4)__(903.2)__(??)__,__(??)__(1.2e-20)__(5.9e-25)__(9.9e-271)__(??)__,wwGlobalAMR.ERR2607403_ctg_55692
130,wwGlobalAMR.ERR2607403_ctg_56531_00004,56531,2,"[4, 5]","[3, 6]",4,"ClassC-AmpC,tet_ribosomoal_protect",__(??)__(ClassC-AmpC)__(tet_ribosomoal_protect)__(??)__,__(??)__(22.3)__(247.8)__(??)__,__(??)__(0.00019)__(8.1e-73)__(??)__,wwGlobalAMR.ERR2607403_ctg_56531
131,wwGlobalAMR.ERR2607403_ctg_570380_00029,570380,2,"[29, 30]","[28, 31]",4,"tet_MFS_efflux,tet_ribosomoal_protect",__(??)__(tet_MFS_efflux)__(tet_ribosomoal_protect)__(??)__,__(??)__(53.7)__(618.6)__(??)__,__(??)__(6e-14)__(4.5e-185)__(??)__,wwGlobalAMR.ERR2607403_ctg_570380
132,wwGlobalAMR.ERR2607403_ctg_570380_00017,570380,4,"[17, 19, 21, 23]","[16, 18, 20, 22, 24]",9,"Chlor_Acetyltrans_CAT,Chlor_Phospho_CPT,tet_MFS_efflux,tet_MFS_efflux",__(??)__(tet_MFS_efflux)__(??)__(Chlor_Acetyltrans_CAT)__(??)__(Chlor_Phospho_CPT)__(??)__(tet_MFS_efflux)__(??)__,__(??)__(48.7)__(??)__(65.7)__(??)__(37.0)__(??)__(57.0)__(??)__,__(??)__(2e-12)__(??)__(1.9e-17)__(??)__(1.3e-08)__(??)__(6.2e-15)__(??)__,wwGlobalAMR.ERR2607403_ctg_570380
133,wwGlobalAMR.ERR2607403_ctg_572051_00004,572051,2,"[4, 5]","[3, 6]",4,"MexA,adeB",__(??)__(adeB)__(MexA)__(??)__,__(??)__(1445.1)__(410.0)__(??)__,__(??)__(0.0)__(4.7e-122)__(??)__,wwGlobalAMR.ERR2607403_ctg_572051
134,wwGlobalAMR.ERR2607403_ctg_581643_00030,581643,2,"[30, 34]","[29, 31, 32, 33, 35]",7,"ClassB,SubclassB3",__(??)__(SubclassB3)__(??)__(??)__(??)__(ClassB)__(??)__,__(??)__(58.7)__(??)__(??)__(??)__(29.4)__(??)__,__(??)__(2e-15)__(??)__(??)__(??)__(1.9e-06)__(??)__,wwGlobalAMR.ERR2607403_ctg_581643
135,wwGlobalAMR.ERR2607403_ctg_583225_00011,583225,2,"[11, 13]","[10, 12, 14]",5,"tet_MFS_efflux,vanT",__(??)__(tet_MFS_efflux)__(??)__(vanT)__(??)__,__(??)__(82.3)__(??)__(142.4)__(??)__,__(??)__(1.3e-22)__(??)__(7.5e-41)__(??)__,wwGlobalAMR.ERR2607403_ctg_583225
136,wwGlobalAMR.ERR2607403_ctg_585868_00004,585868,2,"[4, 5]","[3, 6]",4,"adeA-adeI,adeC-adeK-oprM",__(??)__(adeC-adeK-oprM)__(adeA-adeI)__(??)__,__(??)__(28.1)__(30.0)__(??)__,__(??)__(3.6e-06)__(9.9e-07)__(??)__,wwGlobalAMR.ERR2607403_ctg_585868
137,wwGlobalAMR.ERR2607403_ctg_591900_00004,591900,3,"[4, 6, 7]","[3, 5, 8]",6,"Erm23S_rRNA_methyltrans,adeA-adeI,adeC-adeK-oprM",__(??)__(adeA-adeI)__(??)__(Erm23S_rRNA_methyltrans)__(adeC-adeK-oprM)__(??)__,__(??)__(75.2)__(??)__(25.7)__(104.7)__(??)__,__(??)__(1.9e-20)__(??)__(2.2e-05)__(2e-29)__(??)__,wwGlobalAMR.ERR2607403_ctg_591900
138,wwGlobalAMR.ERR2607403_ctg_592164_00001,592164,2,"[1, 3]","[2, 4]",4,"AAC3,ClassB",__(ClassB)__(??)__(AAC3)__(??)__,__(67.9)__(??)__(145.7)__(??)__,__(3.3e-18)__(??)__(5.6e-42)__(??)__,wwGlobalAMR.ERR2607403_ctg_592164
139,wwGlobalAMR.ERR2607403_ctg_592597_00003,592597,3,"[3, 4, 7]","[2, 5, 6, 8]",7,"RND_efflux,adeA-adeI,adeC-adeK-oprM",__(??)__(adeA-adeI)__(RND_efflux)__(??)__(??)__(adeC-adeK-oprM)__(??)__,__(??)__(62.5)__(863.7)__(??)__(??)__(20.0)__(??)__,__(??)__(1.4e-16)__(8.3e-259)__(??)__(??)__(0.00098)__(??)__,wwGlobalAMR.ERR2607403_ctg_592597
140,wwGlobalAMR.ERR2607403_ctg_593190_00001,593190,2,"[1, 3]","[2, 4]",4,"RND_efflux,adeA-adeI",__(RND_efflux)__(??)__(adeA-adeI)__(??)__,__(127.4)__(??)__(23.1)__(??)__,__(2.2e-36)__(??)__(0.00013)__(??)__,wwGlobalAMR.ERR2607403_ctg_593190
141,wwGlobalAMR.ERR2607403_ctg_595475_00001,595475,3,"[1, 2, 3]",[4],4,"MexH,RND_efflux,adeC-adeK-oprM",__(RND_efflux)__(MexH)__(adeC-adeK-oprM)__(??)__,__(892.3)__(89.9)__(45.5)__(??)__,__(2e-267)__(8.2e-25)__(1.9e-11)__(??)__,wwGlobalAMR.ERR2607403_ctg_595475
142,wwGlobalAMR.ERR2607403_ctg_596365_00010,596365,2,"[10, 12]","[9, 11, 13]",5,"APH3'',tet_ribosomoal_protect",__(??)__(APH3'')__(??)__(tet_ribosomoal_protect)__(??)__,__(??)__(58.7)__(??)__(361.6)__(??)__,__(??)__(2.4e-15)__(??)__(2.9e-107)__(??)__,wwGlobalAMR.ERR2607403_ctg_596365
143,wwGlobalAMR.ERR2607403_ctg_599764_00045,599764,2,"[45, 48]","[44, 46, 47, 49]",6,"APH3'',tet_ribosomoal_protect",__(??)__(tet_ribosomoal_protect)__(??)__(??)__(APH3'')__(??)__,__(??)__(310.0)__(??)__(??)__(55.9)__(??)__,__(??)__(1.2e-91)__(??)__(??)__(1.8e-14)__(??)__,wwGlobalAMR.ERR2607403_ctg_599764
144,wwGlobalAMR.ERR2607403_ctg_607334_00010,607334,2,"[10, 11]","[9, 12]",4,"adeB,adeC-adeK-oprM",__(??)__(adeC-adeK-oprM)__(adeB)__(??)__,__(??)__(495.3)__(150.8)__(??)__,__(??)__(7.2e-148)__(1.5e-43)__(??)__,wwGlobalAMR.ERR2607403_ctg_607334
145,wwGlobalAMR.ERR2607403_ctg_609688_00001,609688,2,"[1, 2]",[3],3,"RND_efflux,adeA-adeI",__(adeA-adeI)__(RND_efflux)__(??)__,__(87.1)__(1071.9)__(??)__,__(4.6e-24)__(0.0)__(??)__,wwGlobalAMR.ERR2607403_ctg_609688
146,wwGlobalAMR.ERR2607403_ctg_611188_00001,611188,2,"[1, 2]",[3],3,"adeA-adeI,adeC-adeK-oprM",__(adeA-adeI)__(adeC-adeK-oprM)__(??)__,__(46.8)__(23.7)__(??)__,__(7.9e-12)__(7.8e-05)__(??)__,wwGlobalAMR.ERR2607403_ctg_611188
147,wwGlobalAMR.ERR2607403_ctg_612272_00019,612272,2,"[19, 20]","[18, 21]",4,"adeA-adeI,adeC-adeK-oprM",__(??)__(adeA-adeI)__(adeC-adeK-oprM)__(??)__,__(??)__(58.2)__(47.2)__(??)__,__(??)__(2.8e-15)__(5.5e-12)__(??)__,wwGlobalAMR.ERR2607403_ctg_612272
148,wwGlobalAMR.ERR2607403_ctg_615826_00001,615826,2,"[1, 2]",[3],3,"Erm23S_rRNA_methyltrans,Erm23S_rRNA_methyltrans",__(Erm23S_rRNA_methyltrans)__(Erm23S_rRNA_methyltrans)__(??)__,__(42.6)__(115.7)__(??)__,__(1.5e-10)__(8e-33)__(??)__,wwGlobalAMR.ERR2607403_ctg_615826
149,wwGlobalAMR.ERR2607403_ctg_615885_00003,615885,2,"[3, 4]","[2, 5]",4,"RND_efflux,RND_efflux",__(??)__(RND_efflux)__(RND_efflux)__(??)__,__(??)__(145.2)__(561.7)__(??)__,__(??)__(9.1e-42)__(1.4e-167)__(??)__,wwGlobalAMR.ERR2607403_ctg_615885
150,wwGlobalAMR.ERR2607403_ctg_617761_00008,617761,2,"[8, 11]","[7, 9, 10, 12]",6,"Chlor_Acetyltrans_CAT,adeB",__(??)__(Chlor_Acetyltrans_CAT)__(??)__(??)__(adeB)__(??)__,__(??)__(35.2)__(??)__(??)__(120.3)__(??)__,__(??)__(4.1e-08)__(??)__(??)__(2.4e-34)__(??)__,wwGlobalAMR.ERR2607403_ctg_617761
151,wwGlobalAMR.ERR2607403_ctg_618713_00003,618713,2,"[3, 4]","[2, 5]",4,"RND_efflux,adeA-adeI",__(??)__(RND_efflux)__(adeA-adeI)__(??)__,__(??)__(747.3)__(57.9)__(??)__,__(??)__(1.2e-223)__(3.4e-15)__(??)__,wwGlobalAMR.ERR2607403_ctg_618713
152,wwGlobalAMR.ERR2607403_ctg_630188_00002,630188,2,"[2, 5]","[1, 3, 4, 6]",6,"ANT2,ClassD",__(??)__(ANT2)__(??)__(??)__(ClassD)__(??)__,__(??)__(26.7)__(??)__(??)__(282.0)__(??)__,__(??)__(1.3e-05)__(??)__(??)__(1.5e-83)__(??)__,wwGlobalAMR.ERR2607403_ctg_630188
153,wwGlobalAMR.ERR2607403_ctg_634054_00007,634054,3,"[7, 8, 13]","[6, 9, 10, 11, 12, 14]",9,"Erm23S_rRNA_methyltrans,TE_Inactivator,TetX",__(??)__(TE_Inactivator)__(TetX)__(??)__(??)__(??)__(??)__(Erm23S_rRNA_methyltrans)__(??)__,__(??)__(24.2)__(20.5)__(??)__(??)__(??)__(??)__(22.2)__(??)__,__(??)__(6.2e-05)__(0.00084)__(??)__(??)__(??)__(??)__(0.00025)__(??)__,wwGlobalAMR.ERR2607403_ctg_634054
154,wwGlobalAMR.ERR2607403_ctg_635029_00005,635029,2,"[5, 8]","[4, 6, 7, 9]",6,"Chlor_Efflux_Pump,vanT",__(??)__(vanT)__(??)__(??)__(Chlor_Efflux_Pump)__(??)__,__(??)__(92.1)__(??)__(??)__(46.6)__(??)__,__(??)__(1.3e-25)__(??)__(??)__(1e-11)__(??)__,wwGlobalAMR.ERR2607403_ctg_635029
155,wwGlobalAMR.ERR2607403_ctg_638121_00008,638121,2,"[8, 9]","[7, 10]",4,"MexE,adeC-adeK-oprM",__(??)__(MexE)__(adeC-adeK-oprM)__(??)__,__(??)__(44.2)__(26.7)__(??)__,__(??)__(4.8e-11)__(9.3e-06)__(??)__,wwGlobalAMR.ERR2607403_ctg_638121
156,wwGlobalAMR.ERR2607403_ctg_639688_00009,639688,2,"[9, 10]","[8, 11]",4,"adeA-adeI,tet_MFS_efflux",__(??)__(tet_MFS_efflux)__(adeA-adeI)__(??)__,__(??)__(105.1)__(39.9)__(??)__,__(??)__(1.5e-29)__(9.6e-10)__(??)__,wwGlobalAMR.ERR2607403_ctg_639688
157,wwGlobalAMR.ERR2607403_ctg_644568_00005,644568,2,"[5, 6]","[4, 7]",4,"TetX,TetX",__(??)__(TetX)__(TetX)__(??)__,__(??)__(37.0)__(24.3)__(??)__,__(??)__(8.4e-09)__(6e-05)__(??)__,wwGlobalAMR.ERR2607403_ctg_644568
158,wwGlobalAMR.ERR2607403_ctg_644705_00002,644705,2,"[2, 3]","[1, 4]",4,"RND_efflux,adeA-adeI",__(??)__(RND_efflux)__(adeA-adeI)__(??)__,__(??)__(287.3)__(176.0)__(??)__,__(??)__(1.1e-84)__(4.7e-51)__(??)__,wwGlobalAMR.ERR2607403_ctg_644705
159,wwGlobalAMR.ERR2607403_ctg_645268_00001,645268,2,"[1, 2]",[3],3,"RND_efflux,adeA-adeI",__(RND_efflux)__(adeA-adeI)__(??)__,__(906.9)__(26.0)__(??)__,__(7.8e-272)__(1.6e-05)__(??)__,wwGlobalAMR.ERR2607403_ctg_645268
160,wwGlobalAMR.ERR2607403_ctg_648393_00002,648393,2,"[2, 3]","[1, 4]",4,"SubclassB3,tet_ribosomoal_protect",__(??)__(SubclassB3)__(tet_ribosomoal_protect)__(??)__,__(??)__(23.3)__(143.6)__(??)__,__(??)__(0.00012)__(2.8e-41)__(??)__,wwGlobalAMR.ERR2607403_ctg_648393
161,wwGlobalAMR.ERR2607403_ctg_657847_00002,657847,2,"[2, 5]","[1, 3, 4, 6]",6,"tet_ribosomoal_protect,tet_ribosomoal_protect",__(??)__(tet_ribosomoal_protect)__(??)__(??)__(tet_ribosomoal_protect)__(??)__,__(??)__(120.3)__(??)__(??)__(21.8)__(??)__,__(??)__(3.2e-34)__(??)__(??)__(0.0002)__(??)__,wwGlobalAMR.ERR2607403_ctg_657847
162,wwGlobalAMR.ERR2607403_ctg_660544_00005,660544,2,"[5, 6]","[4, 7]",4,"ClassC-AmpC,tet_MFS_efflux",__(??)__(ClassC-AmpC)__(tet_MFS_efflux)__(??)__,__(??)__(45.3)__(31.2)__(??)__,__(??)__(1.9e-11)__(4.2e-07)__(??)__,wwGlobalAMR.ERR2607403_ctg_660544
163,wwGlobalAMR.ERR2607403_ctg_667898_00002,667898,4,"[2, 4, 5, 6]","[1, 3, 7]",7,"Erm23S_rRNA_methyltrans,MexH,RND_efflux,adeC-adeK-oprM",__(??)__(adeC-adeK-oprM)__(??)__(Erm23S_rRNA_methyltrans)__(RND_efflux)__(MexH)__(??)__,__(??)__(34.1)__(??)__(37.9)__(935.3)__(51.2)__(??)__,__(??)__(5.5e-08)__(??)__(4e-09)__(2e-280)__(5e-13)__(??)__,wwGlobalAMR.ERR2607403_ctg_667898
164,wwGlobalAMR.ERR2607403_ctg_66850_00001,66850,2,"[1, 2]",[3],3,"tet_ribosomoal_protect,tet_ribosomoal_protect",__(tet_ribosomoal_protect)__(tet_ribosomoal_protect)__(??)__,__(185.0)__(77.6)__(??)__,__(8.1e-54)__(2.7e-21)__(??)__,wwGlobalAMR.ERR2607403_ctg_66850
165,wwGlobalAMR.ERR2607403_ctg_67169_00011,67169,2,"[11, 13]","[10, 12, 14]",5,"RND_efflux,adeC-adeK-oprM",__(??)__(adeC-adeK-oprM)__(??)__(RND_efflux)__(??)__,__(??)__(27.3)__(??)__(547.0)__(??)__,__(??)__(6.1e-06)__(??)__(4e-163)__(??)__,wwGlobalAMR.ERR2607403_ctg_67169
166,wwGlobalAMR.ERR2607403_ctg_672089_00003,672089,2,"[3, 4]","[2, 5]",4,"TE_Inactivator,TE_Inactivator",__(??)__(TE_Inactivator)__(TE_Inactivator)__(??)__,__(??)__(48.6)__(20.3)__(??)__,__(??)__(2.4e-12)__(0.00094)__(??)__,wwGlobalAMR.ERR2607403_ctg_672089
167,wwGlobalAMR.ERR2607403_ctg_67430_00005,67430,2,"[5, 6]","[4, 7]",4,"tet_MFS_efflux,vanT",__(??)__(tet_MFS_efflux)__(vanT)__(??)__,__(??)__(49.6)__(128.6)__(??)__,__(??)__(1.1e-12)__(1.2e-36)__(??)__,wwGlobalAMR.ERR2607403_ctg_67430
168,wwGlobalAMR.ERR2607403_ctg_675078_00001,675078,2,"[1, 2]",[3],3,"RND_efflux,adeA-adeI",__(adeA-adeI)__(RND_efflux)__(??)__,__(44.2)__(765.6)__(??)__,__(4.8e-11)__(3.6e-229)__(??)__,wwGlobalAMR.ERR2607403_ctg_675078
169,wwGlobalAMR.ERR2607403_ctg_677021_00001,677021,2,"[1, 2]",[3],3,"RND_efflux,adeA-adeI",__(adeA-adeI)__(RND_efflux)__(??)__,__(27.3)__(599.8)__(??)__,__(6.7e-06)__(4.5e-179)__(??)__,wwGlobalAMR.ERR2607403_ctg_677021
170,wwGlobalAMR.ERR2607403_ctg_678264_00004,678264,2,"[4, 5]","[3, 6]",4,"adeA-adeI,adeC-adeK-oprM",__(??)__(adeA-adeI)__(adeC-adeK-oprM)__(??)__,__(??)__(31.9)__(461.2)__(??)__,__(??)__(2.6e-07)__(1.6e-137)__(??)__,wwGlobalAMR.ERR2607403_ctg_678264
171,wwGlobalAMR.ERR2607403_ctg_689787_00002,689787,2,"[2, 3]","[1, 4]",4,"AAC3,tet_MFS_efflux",__(??)__(tet_MFS_efflux)__(AAC3)__(??)__,__(??)__(46.5)__(98.4)__(??)__,__(??)__(9.1e-12)__(1.5e-27)__(??)__,wwGlobalAMR.ERR2607403_ctg_689787
172,wwGlobalAMR.ERR2607403_ctg_689925_00013,689925,2,"[13, 14]","[12, 15]",4,"RND_efflux,adeA-adeI",__(??)__(adeA-adeI)__(RND_efflux)__(??)__,__(??)__(20.9)__(879.4)__(??)__,__(??)__(0.0006)__(1.6e-263)__(??)__,wwGlobalAMR.ERR2607403_ctg_689925
173,wwGlobalAMR.ERR2607403_ctg_689998_00015,689998,3,"[15, 17, 18]","[14, 16, 19]",6,"L1,MexH,RND_efflux",__(??)__(L1)__(??)__(MexH)__(RND_efflux)__(??)__,__(??)__(29.9)__(??)__(25.6)__(715.5)__(??)__,__(??)__(1.1e-06)__(??)__(3e-05)__(5e-214)__(??)__,wwGlobalAMR.ERR2607403_ctg_689998
174,wwGlobalAMR.ERR2607403_ctg_70492_00007,70492,3,"[7, 11, 12]","[6, 8, 9, 10, 13]",8,"ClassB,MexH,RND_efflux",__(??)__(ClassB)__(??)__(??)__(??)__(MexH)__(RND_efflux)__(??)__,__(??)__(46.7)__(??)__(??)__(??)__(145.6)__(1146.2)__(??)__,__(??)__(9.9e-12)__(??)__(??)__(??)__(1e-41)__(0.0)__(??)__,wwGlobalAMR.ERR2607403_ctg_70492
175,wwGlobalAMR.ERR2607403_ctg_70708_00001,70708,2,"[1, 2]",[3],3,"adeA-adeI,adeC-adeK-oprM",__(adeC-adeK-oprM)__(adeA-adeI)__(??)__,__(215.7)__(41.4)__(??)__,__(4.6e-63)__(3.5e-10)__(??)__,wwGlobalAMR.ERR2607403_ctg_70708
176,wwGlobalAMR.ERR2607403_ctg_707712_00004,707712,2,"[4, 5]","[3, 6]",4,"Chlor_Efflux_Pump,ClassA",__(??)__(ClassA)__(Chlor_Efflux_Pump)__(??)__,__(??)__(32.9)__(131.9)__(??)__,__(??)__(1.4e-07)__(1.3e-37)__(??)__,wwGlobalAMR.ERR2607403_ctg_707712
177,wwGlobalAMR.ERR2607403_ctg_71124_00004,71124,4,"[4, 5, 6, 7]","[3, 8]",6,"RND_efflux,RND_efflux,RND_efflux,RND_efflux",__(??)__(RND_efflux)__(RND_efflux)__(RND_efflux)__(RND_efflux)__(??)__,__(??)__(62.3)__(206.3)__(243.4)__(81.9)__(??)__,__(??)__(1e-16)__(3.1e-60)__(2e-71)__(1.2e-22)__(??)__,wwGlobalAMR.ERR2607403_ctg_71124
178,wwGlobalAMR.ERR2607403_ctg_738525_00003,738525,2,"[3, 4]","[2, 5]",4,"tet_MFS_efflux,tet_MFS_efflux",__(??)__(tet_MFS_efflux)__(tet_MFS_efflux)__(??)__,__(??)__(133.6)__(118.2)__(??)__,__(??)__(3.3e-38)__(1.5e-33)__(??)__,wwGlobalAMR.ERR2607403_ctg_738525
179,wwGlobalAMR.ERR2607403_ctg_739157_00003,739157,3,"[3, 4, 5]","[2, 6]",5,"RND_efflux,adeA-adeI,adeC-adeK-oprM",__(??)__(RND_efflux)__(adeA-adeI)__(adeC-adeK-oprM)__(??)__,__(??)__(695.6)__(33.5)__(25.3)__(??)__,__(??)__(5.2e-208)__(8.5e-08)__(2.5e-05)__(??)__,wwGlobalAMR.ERR2607403_ctg_739157
180,wwGlobalAMR.ERR2607403_ctg_745458_00004,745458,2,"[4, 6]","[3, 5, 7]",5,"ClassC-AmpC,blaI",__(??)__(blaI)__(??)__(ClassC-AmpC)__(??)__,__(??)__(30.9)__(??)__(51.5)__(??)__,__(??)__(9.1e-07)__(??)__(2.6e-13)__(??)__,wwGlobalAMR.ERR2607403_ctg_745458
181,wwGlobalAMR.ERR2607403_ctg_748208_00001,748208,2,"[1, 2]",[3],3,"adeA-adeI,adeC-adeK-oprM",__(adeC-adeK-oprM)__(adeA-adeI)__(??)__,__(158.6)__(24.2)__(??)__,__(9.4e-46)__(5.9e-05)__(??)__,wwGlobalAMR.ERR2607403_ctg_748208
182,wwGlobalAMR.ERR2607403_ctg_749688_00007,749688,2,"[7, 9]","[6, 8, 10]",5,"tet_MFS_efflux,vanH",__(??)__(tet_MFS_efflux)__(??)__(vanH)__(??)__,__(??)__(30.6)__(??)__(123.8)__(??)__,__(??)__(6.1e-07)__(??)__(2.9e-35)__(??)__,wwGlobalAMR.ERR2607403_ctg_749688
183,wwGlobalAMR.ERR2607403_ctg_757946_00001,757946,3,"[1, 2, 3]",[4],4,"RND_efflux,adeA-adeI,adeC-adeK-oprM",__(adeC-adeK-oprM)__(adeA-adeI)__(RND_efflux)__(??)__,__(30.3)__(27.2)__(684.6)__(??)__,__(7.5e-07)__(7e-06)__(1.1e-204)__(??)__,wwGlobalAMR.ERR2607403_ctg_757946
184,wwGlobalAMR.ERR2607403_ctg_768132_00001,768132,2,"[1, 4]","[2, 3, 5]",5,"adeA-adeI,vanA",__(adeA-adeI)__(??)__(??)__(vanA)__(??)__,__(66.8)__(??)__(??)__(22.2)__(??)__,__(6.7e-18)__(??)__(??)__(0.00029)__(??)__,wwGlobalAMR.ERR2607403_ctg_768132
185,wwGlobalAMR.ERR2607403_ctg_773095_00009,773095,3,"[9, 10, 11]","[8, 12]",5,"adeA-adeI,adeB,adeC-adeK-oprM",__(??)__(adeC-adeK-oprM)__(adeB)__(adeA-adeI)__(??)__,__(??)__(479.5)__(1284.3)__(326.1)__(??)__,__(??)__(4.6e-143)__(0.0)__(1.2e-96)__(??)__,wwGlobalAMR.ERR2607403_ctg_773095
186,wwGlobalAMR.ERR2607403_ctg_773107_00002,773107,2,"[2, 4]","[1, 3, 5]",5,"adeA-adeI,adeC-adeK-oprM",__(??)__(adeC-adeK-oprM)__(??)__(adeA-adeI)__(??)__,__(??)__(422.7)__(??)__(39.5)__(??)__,__(??)__(7.6e-126)__(??)__(1.3e-09)__(??)__,wwGlobalAMR.ERR2607403_ctg_773107
187,wwGlobalAMR.ERR2607403_ctg_778222_00003,778222,3,"[3, 4, 5]","[2, 6]",5,"ClassD,blaI,blaR1",__(??)__(blaR1)__(blaI)__(ClassD)__(??)__,__(??)__(266.6)__(87.2)__(278.9)__(??)__,__(??)__(1.7e-78)__(3.6e-24)__(1.4e-82)__(??)__,wwGlobalAMR.ERR2607403_ctg_778222
188,wwGlobalAMR.ERR2607403_ctg_780946_00004,780946,2,"[4, 5]","[3, 6]",4,"MexH,adeC-adeK-oprM",__(??)__(MexH)__(adeC-adeK-oprM)__(??)__,__(??)__(32.1)__(548.0)__(??)__,__(??)__(3e-07)__(7.4e-164)__(??)__,wwGlobalAMR.ERR2607403_ctg_780946
189,wwGlobalAMR.ERR2607403_ctg_78142_00008,78142,3,"[8, 9, 10]","[7, 11]",5,"RND_efflux,adeA-adeI,adeC-adeK-oprM",__(??)__(adeC-adeK-oprM)__(RND_efflux)__(adeA-adeI)__(??)__,__(??)__(365.0)__(1059.4)__(204.1)__(??)__,__(??)__(2.3e-108)__(0.0)__(1.3e-59)__(??)__,wwGlobalAMR.ERR2607403_ctg_78142
190,wwGlobalAMR.ERR2607403_ctg_784710_00004,784710,2,"[4, 6]","[3, 5, 7]",5,"adeA-adeI,adeC-adeK-oprM",__(??)__(adeC-adeK-oprM)__(??)__(adeA-adeI)__(??)__,__(??)__(197.5)__(??)__(77.4)__(??)__,__(??)__(1.4e-57)__(??)__(4e-21)__(??)__,wwGlobalAMR.ERR2607403_ctg_784710
191,wwGlobalAMR.ERR2607403_ctg_788948_00005,788948,2,"[5, 6]","[4, 7]",4,"MexC,adeC-adeK-oprM",__(??)__(adeC-adeK-oprM)__(MexC)__(??)__,__(??)__(27.6)__(24.3)__(??)__,__(??)__(5e-06)__(5e-05)__(??)__,wwGlobalAMR.ERR2607403_ctg_788948
192,wwGlobalAMR.ERR2607403_ctg_790116_00001,790116,2,"[1, 5]","[2, 3, 4, 6]",6,"tet_ribosomoal_protect,tet_ribosomoal_protect",__(tet_ribosomoal_protect)__(??)__(??)__(??)__(tet_ribosomoal_protect)__(??)__,__(68.8)__(??)__(??)__(??)__(318.0)__(??)__,__(1.2e-18)__(??)__(??)__(??)__(4.5e-94)__(??)__,wwGlobalAMR.ERR2607403_ctg_790116
193,wwGlobalAMR.ERR2607403_ctg_790602_00001,790602,2,"[1, 2]",[3],3,"MexH,MexW-MexI",__(MexH)__(MexW-MexI)__(??)__,__(66.1)__(1195.5)__(??)__,__(1.4e-17)__(0.0)__(??)__,wwGlobalAMR.ERR2607403_ctg_790602
194,wwGlobalAMR.ERR2607403_ctg_793908_00009,793908,3,"[9, 11, 12]","[8, 10, 13]",6,"MexH,SubclassB3,adeC-adeK-oprM",__(??)__(SubclassB3)__(??)__(adeC-adeK-oprM)__(MexH)__(??)__,__(??)__(36.4)__(??)__(41.0)__(89.9)__(??)__,__(??)__(1.2e-08)__(??)__(4.3e-10)__(8.5e-25)__(??)__,wwGlobalAMR.ERR2607403_ctg_793908
195,wwGlobalAMR.ERR2607403_ctg_805900_00003,805900,2,"[3, 4]","[2, 5]",4,"MexC,RND_efflux",__(??)__(RND_efflux)__(MexC)__(??)__,__(??)__(798.4)__(31.7)__(??)__,__(??)__(4.5e-239)__(2.9e-07)__(??)__,wwGlobalAMR.ERR2607403_ctg_805900
196,wwGlobalAMR.ERR2607403_ctg_821114_00009,821114,2,"[9, 10]","[8, 11]",4,"adeA-adeI,tet_MFS_efflux",__(??)__(adeA-adeI)__(tet_MFS_efflux)__(??)__,__(??)__(46.3)__(69.7)__(??)__,__(??)__(1.1e-11)__(8.4e-19)__(??)__,wwGlobalAMR.ERR2607403_ctg_821114
197,wwGlobalAMR.ERR2607403_ctg_82412_00001,82412,2,"[1, 5]","[2, 3, 4, 6]",6,"Chlor_Efflux_Pump,MexH",__(MexH)__(??)__(??)__(??)__(Chlor_Efflux_Pump)__(??)__,__(23.3)__(??)__(??)__(??)__(60.1)__(??)__,__(0.00014)__(??)__(??)__(??)__(7.8e-16)__(??)__,wwGlobalAMR.ERR2607403_ctg_82412
198,wwGlobalAMR.ERR2607403_ctg_829252_00002,829252,2,"[2, 6]","[1, 3, 4, 5, 7]",7,"ClassB,ClassB",__(??)__(ClassB)__(??)__(??)__(??)__(ClassB)__(??)__,__(??)__(48.0)__(??)__(??)__(??)__(33.4)__(??)__,__(??)__(3.9e-12)__(??)__(??)__(??)__(1.1e-07)__(??)__,wwGlobalAMR.ERR2607403_ctg_829252
199,wwGlobalAMR.ERR2607403_ctg_831134_00013,831134,2,"[13, 14]","[12, 15]",4,"MexE,RND_efflux",__(??)__(MexE)__(RND_efflux)__(??)__,__(??)__(364.3)__(1075.1)__(??)__,__(??)__(3.1e-108)__(0.0)__(??)__,wwGlobalAMR.ERR2607403_ctg_831134
200,wwGlobalAMR.ERR2607403_ctg_835365_00011,835365,2,"[11, 12]","[10, 13]",4,"MexE,adeC-adeK-oprM",__(??)__(MexE)__(adeC-adeK-oprM)__(??)__,__(??)__(27.1)__(80.3)__(??)__,__(??)__(7.3e-06)__(5e-22)__(??)__,wwGlobalAMR.ERR2607403_ctg_835365
201,wwGlobalAMR.ERR2607403_ctg_839842_00007,839842,3,"[7, 8, 9]","[6, 10]",5,"MexH,RND_efflux,adeC-adeK-oprM",__(??)__(RND_efflux)__(MexH)__(adeC-adeK-oprM)__(??)__,__(??)__(786.6)__(65.7)__(24.8)__(??)__,__(??)__(1.7e-235)__(1.9e-17)__(3.4e-05)__(??)__,wwGlobalAMR.ERR2607403_ctg_839842
202,wwGlobalAMR.ERR2607403_ctg_839929_00003,839929,2,"[3, 4]","[2, 5]",4,"Chlor_Efflux_Pump,vanH",__(??)__(Chlor_Efflux_Pump)__(vanH)__(??)__,__(??)__(113.2)__(84.7)__(??)__,__(??)__(5.9e-32)__(2.3e-23)__(??)__,wwGlobalAMR.ERR2607403_ctg_839929
203,wwGlobalAMR.ERR2607403_ctg_845931_00001,845931,3,"[1, 3, 4]","[2, 5]",5,"APH3'',tet_ribosomoal_protect,tet_ribosomoal_protect",__(APH3'')__(??)__(tet_ribosomoal_protect)__(tet_ribosomoal_protect)__(??)__,__(63.9)__(??)__(343.7)__(76.8)__(??)__,__(6.2e-17)__(??)__(7.8e-102)__(4.5e-21)__(??)__,wwGlobalAMR.ERR2607403_ctg_845931
204,wwGlobalAMR.ERR2607403_ctg_853455_00019,853455,2,"[19, 20]","[18, 21]",4,"emrE,emrE",__(??)__(emrE)__(emrE)__(??)__,__(??)__(51.4)__(56.8)__(??)__,__(??)__(5.8e-13)__(1.3e-14)__(??)__,wwGlobalAMR.ERR2607403_ctg_853455
205,wwGlobalAMR.ERR2607403_ctg_853724_00001,853724,2,"[1, 2]",[3],3,"adeA-adeI,adeB",__(adeB)__(adeA-adeI)__(??)__,__(1234.0)__(306.5)__(??)__,__(0.0)__(1.1e-90)__(??)__,wwGlobalAMR.ERR2607403_ctg_853724
206,wwGlobalAMR.ERR2607403_ctg_85477_00009,85477,2,"[9, 10]","[8, 11]",4,"Qnr,Qnr",__(??)__(Qnr)__(Qnr)__(??)__,__(??)__(91.1)__(78.3)__(??)__,__(??)__(3.3e-25)__(2.7e-21)__(??)__,wwGlobalAMR.ERR2607403_ctg_85477
207,wwGlobalAMR.ERR2607403_ctg_859588_00001,859588,2,"[1, 2]",[3],3,"adeA-adeI,adeB",__(adeA-adeI)__(adeB)__(??)__,__(398.2)__(1455.1)__(??)__,__(1.6e-118)__(0.0)__(??)__,wwGlobalAMR.ERR2607403_ctg_859588
208,wwGlobalAMR.ERR2607403_ctg_861625_00004,861625,2,"[4, 8]","[3, 5, 6, 7, 9]",7,"MexE,tet_ribosomoal_protect",__(??)__(MexE)__(??)__(??)__(??)__(tet_ribosomoal_protect)__(??)__,__(??)__(27.9)__(??)__(??)__(??)__(35.0)__(??)__,__(??)__(4.2e-06)__(??)__(??)__(??)__(2.1e-08)__(??)__,wwGlobalAMR.ERR2607403_ctg_861625
209,wwGlobalAMR.ERR2607403_ctg_86897_00007,86897,2,"[7, 8]","[6, 9]",4,"emrE,emrE",__(??)__(emrE)__(emrE)__(??)__,__(??)__(50.5)__(50.8)__(??)__,__(??)__(1.1e-12)__(8.7e-13)__(??)__,wwGlobalAMR.ERR2607403_ctg_86897
210,wwGlobalAMR.ERR2607403_ctg_870791_00016,870791,2,"[16, 19]","[15, 17, 18, 20]",6,"tet_ribosomoal_protect,tet_ribosomoal_protect",__(??)__(tet_ribosomoal_protect)__(??)__(??)__(tet_ribosomoal_protect)__(??)__,__(??)__(42.0)__(??)__(??)__(134.4)__(??)__,__(??)__(1.6e-10)__(??)__(??)__(1.7e-38)__(??)__,wwGlobalAMR.ERR2607403_ctg_870791
211,wwGlobalAMR.ERR2607403_ctg_872175_00002,872175,2,"[2, 5]","[1, 3, 4, 6]",6,"TE_Inactivator,vanH",__(??)__(vanH)__(??)__(??)__(TE_Inactivator)__(??)__,__(??)__(58.3)__(??)__(??)__(22.7)__(??)__,__(??)__(2.6e-15)__(??)__(??)__(0.00018)__(??)__,wwGlobalAMR.ERR2607403_ctg_872175
212,wwGlobalAMR.ERR2607403_ctg_880490_00005,880490,2,"[5, 7]","[4, 6, 8]",5,"ClassD,vanT",__(??)__(vanT)__(??)__(ClassD)__(??)__,__(??)__(298.0)__(??)__(25.9)__(??)__,__(??)__(6.4e-88)__(??)__(1.9e-05)__(??)__,wwGlobalAMR.ERR2607403_ctg_880490
213,wwGlobalAMR.ERR2607403_ctg_885425_00004,885425,2,"[4, 5]","[3, 6]",4,"adeA-adeI,adeC-adeK-oprM",__(??)__(adeA-adeI)__(adeC-adeK-oprM)__(??)__,__(??)__(30.1)__(466.9)__(??)__,__(??)__(9.4e-07)__(2.9e-139)__(??)__,wwGlobalAMR.ERR2607403_ctg_885425
214,wwGlobalAMR.ERR2607403_ctg_889091_00003,889091,2,"[3, 4]","[2, 5]",4,"MexE,RND_efflux",__(??)__(MexE)__(RND_efflux)__(??)__,__(??)__(304.5)__(207.6)__(??)__,__(??)__(4.4e-90)__(1.3e-60)__(??)__,wwGlobalAMR.ERR2607403_ctg_889091
215,wwGlobalAMR.ERR2607403_ctg_893216_00004,893216,2,"[4, 6]","[3, 5, 7]",5,"APH3'',tet_ribosomoal_protect",__(??)__(APH3'')__(??)__(tet_ribosomoal_protect)__(??)__,__(??)__(37.1)__(??)__(352.6)__(??)__,__(??)__(9.4e-09)__(??)__(1.5e-104)__(??)__,wwGlobalAMR.ERR2607403_ctg_893216
216,wwGlobalAMR.ERR2607403_ctg_89620_00009,89620,2,"[9, 10]","[8, 11]",4,"adeA-adeI,adeC-adeK-oprM",__(??)__(adeC-adeK-oprM)__(adeA-adeI)__(??)__,__(??)__(36.8)__(38.7)__(??)__,__(??)__(8.2e-09)__(2.2e-09)__(??)__,wwGlobalAMR.ERR2607403_ctg_89620
217,wwGlobalAMR.ERR2607403_ctg_896318_00007,896318,2,"[7, 8]","[6, 9]",4,"MexE,adeC-adeK-oprM",__(??)__(adeC-adeK-oprM)__(MexE)__(??)__,__(??)__(51.7)__(45.6)__(??)__,__(??)__(2.4e-13)__(1.7e-11)__(??)__,wwGlobalAMR.ERR2607403_ctg_896318
218,wwGlobalAMR.ERR2607403_ctg_896637_00005,896637,2,"[5, 6]","[4, 7]",4,"MexH,adeC-adeK-oprM",__(??)__(MexH)__(adeC-adeK-oprM)__(??)__,__(??)__(39.3)__(48.8)__(??)__,__(??)__(2e-09)__(1.8e-12)__(??)__,wwGlobalAMR.ERR2607403_ctg_896637
219,wwGlobalAMR.ERR2607403_ctg_91403_00005,91403,4,"[5, 6, 7, 9]","[4, 8, 10]",7,"RND_efflux,adeA-adeI,adeC-adeK-oprM,emrE",__(??)__(emrE)__(RND_efflux)__(adeA-adeI)__(??)__(adeC-adeK-oprM)__(??)__,__(??)__(36.1)__(695.7)__(60.3)__(??)__(186.8)__(??)__,__(??)__(3.3e-08)__(4.8e-208)__(6.2e-16)__(??)__(2.7e-54)__(??)__,wwGlobalAMR.ERR2607403_ctg_91403
220,wwGlobalAMR.ERR2607403_ctg_914765_00005,914765,3,"[5, 7, 8]","[4, 6, 9]",6,"APH3'',tet_ribosomoal_protect,tet_ribosomoal_protect",__(??)__(APH3'')__(??)__(tet_ribosomoal_protect)__(tet_ribosomoal_protect)__(??)__,__(??)__(32.5)__(??)__(350.8)__(78.5)__(??)__,__(??)__(2.4e-07)__(??)__(5.3e-104)__(1.4e-21)__(??)__,wwGlobalAMR.ERR2607403_ctg_914765
221,wwGlobalAMR.ERR2607403_ctg_918883_00001,918883,2,"[1, 2]",[3],3,"adeB,adeC-adeK-oprM",__(adeB)__(adeC-adeK-oprM)__(??)__,__(425.2)__(489.9)__(??)__,__(2e-126)__(3.1e-146)__(??)__,wwGlobalAMR.ERR2607403_ctg_918883
222,wwGlobalAMR.ERR2607403_ctg_920525_00001,920525,2,"[1, 2]",[3],3,"MexH,RND_efflux",__(RND_efflux)__(MexH)__(??)__,__(443.8)__(33.6)__(??)__,__(6.1e-132)__(1.1e-07)__(??)__,wwGlobalAMR.ERR2607403_ctg_920525
223,wwGlobalAMR.ERR2607403_ctg_98995_00002,98995,2,"[2, 4]","[1, 3, 5]",5,"MexE,adeC-adeK-oprM",__(??)__(MexE)__(??)__(adeC-adeK-oprM)__(??)__,__(??)__(45.0)__(??)__(249.1)__(??)__,__(??)__(2.7e-11)__(??)__(3.3e-73)__(??)__,wwGlobalAMR.ERR2607403_ctg_98995
224,wwGlobalAMR.ERR2607403_ctg_99063_00007,99063,2,"[7, 8]","[6, 9]",4,"adeA-adeI,adeC-adeK-oprM",__(??)__(adeA-adeI)__(adeC-adeK-oprM)__(??)__,__(??)__(27.8)__(21.9)__(??)__,__(??)__(4.6e-06)__(0.00027)__(??)__,wwGlobalAMR.ERR2607403_ctg_99063
